Name,MaxParticleCount,MinLife,MaxLife,ParticleMinInterval,ParticleMaxInterval,ParticleMinLife,ParticleMaxLife,ParticleMinAngle,ParticleMaxAngle,ParticleAngleRelativeToParent,ParticleRandomAngle,ParticleMinRadius,ParticleMaxRadius,ParticleMinSpeed,ParticleMaxSpeed,ParticleStartZ,ParticleMinVelocityZ,ParticleMaxVelocityZ,ParticleGravity,ParticleMinTailLength,ParticleMaxTailLength,ParticleResource,ParticleExportName,RotateToDirection,LoopParticleClip,StartScale,EndScale,FadeOutDuration,Inertia,EnemyVersion
string,int,int,int,int,int,int,int,int,int,boolean,boolean,int,int,int,int,int,int,int,int,int,int,string,string,boolean,boolean,int,int,int,int,string
music_note_particle_ulti_red,10,400,1000,,200,400,1000,,360,,true,3,7,20,100,100,,50,35,,,sc/effects.sc,music_note_red,,,150,50,100,20,
music_note_particle_ulti,10,400,1000,,200,400,1000,,360,,true,3,7,20,100,100,,50,35,,,sc/effects.sc,music_note,,,150,50,100,20,music_note_particle_ulti_red
music_note_particle_red,3,100,200,,200,200,800,,360,,true,3,7,20,100,100,,50,35,,,sc/effects.sc,music_note_red,,,100,50,500,20,
music_note_particle,3,100,200,,200,200,800,,360,,true,3,7,20,100,100,,50,35,,,sc/effects.sc,music_note_1,,,80,10,500,20,music_note_particle_red
,,,,,,,,,,,,,,,,,,,,,,sc/effects.sc,music_note_2,,,,,,,
magic_native_particle_red,20,150,200,,1000,1000,1200,,360,,true,3,7,20,100,100,,50,35,,,sc/effects.sc,magic_particle_red,,true,100,1,500,20,
magic_native_particle,20,150,200,,1000,1000,1200,,360,,true,3,7,20,100,100,,50,35,,,sc/effects.sc,magic_particle,,,100,1,500,20,magic_native_particle_red
heal_particle,3,600,800,,200,500,600,,360,,true,3,5,20,80,200,,50,200,,,sc/effects.sc,Heal_particle,,,100,1,20,100,
sware_particle,3,800,800,,10,600,800,-360,90,,true,3,7,20,100,100,1,50,35,,,sc/effects.sc,sware_01,,,180,50,500,40,
,,,,,,,,,,,,,,,,,,,,,,sc/effects.sc,sware_02,,,,,,,
,,,,,,,,,,,,,,,,,,,,,,sc/effects.sc,sware_03,,,,,,,
,,,,,,,,,,,,,,,,,,,,,,sc/effects.sc,sware_04,,,,,,,
slowed_particle,2,800,800,3,20,300,1200,,360,,true,3,7,0,0,100,,0,-100,,,sc/effects.sc,slow_particle,,,100,100,500,20,
crippled_particle,2,800,800,3,20,300,1200,,360,,true,3,7,0,0,100,,0,-100,,,sc/effects.sc,cripple_particle,,,100,100,500,20,
boss_particle,10,500,500,,20,500,1000,,360,,true,1,7,20,30,100,,200,-100,,,sc/effects.sc,boss_bubble_1,,,70,20,500,60,
poisoned_crippled_particle,3,800,800,,10,600,800,,360,,true,3,7,20,100,100,,50,35,,,sc/effects.sc,poison_skull,,true,100,50,500,20,
,,,,,,,,,,,,,,,,,,,,,,sc/effects.sc,poison_bone,,,,,,,
poisoned_particle,3,800,800,,10,600,800,,360,,true,3,7,20,100,100,,50,35,,,sc/effects.sc,poison_skull,,,100,50,500,20,
burning_particle_lucha,50,100,300,1,0,1000,4000,,360,,true,2,20,,,0,,0,0,,,sc/effects.sc,fire,,true,50,1,500,,
,,,,,,,,,,,,,,,,,,,,,,sc/effects.sc,fire_2,,,,,,,
,,,,,,,,,,,,,,,,,,,,,,sc/effects.sc,fire_3,,,,,,,
burning_particle_brock_blue,20,100,200,1,0,2500,3000,,360,,true,2,7,,,0,,0,0,,,sc/effects.sc,fire_blue_1,,true,50,30,500,,
,,,,,,,,,,,,,,,,,,,,,,sc/effects.sc,fire_blue_2,,,,,,,
,,,,,,,,,,,,,,,,,,,,,,sc/effects.sc,fire_blue_3,,,,,,,
burning_particle_brock,20,100,200,1,0,2500,3000,,360,,true,2,7,,,0,,0,0,,,sc/effects.sc,fire,,true,50,30,500,,
,,,,,,,,,,,,,,,,,,,,,,sc/effects.sc,fire_2,,,,,,,
,,,,,,,,,,,,,,,,,,,,,,sc/effects.sc,fire_3,,,,,,,
burning_particle_lucha_super,100,100,200,8,10,200,300,,360,,true,-3,3,20,2,10,,2,10,,,sc/effects.sc,fire,,true,50,100,200,20,
,,,,,,,,,,,,,,,,,,,,,,,fire_2,,,,,,,
,,,,,,,,,,,,,,,,,,,,,,,fire_3,,,,,,,
burning_particle,3,100,200,,10,600,800,,360,,true,-3,3,20,2,10,,2,10,,,sc/effects.sc,fire,,true,100,10,500,20,
,,,,,,,,,,,,,,,,,,,,,,,fire_2,,,,,,,
,,,,,,,,,,,,,,,,,,,,,,,fire_3,,,,,,,
sparks,7,400,700,,10,1000,1200,,360,,true,0,4,20,600,,,50,400,,,sc/effects.sc,gen_spark_anim,,,70,1,300,200,
,,,,,,,,,,,,,,,,,,,,,,,gen_spark_anim_2,,,,,,,
gen_round_particle,13,800,800,,10,600,800,,360,,true,0,4,20,100,,,50,35,,,sc/effects.sc,gen_particle_blue,,,55,80,500,20,
gen_beam_particle,1,800,800,,10,600,800,,360,,true,-4,4,15,300,,,50,35,,,sc/effects.sc,gen_particle_blue,,,55,80,500,20,
gen_hit,1,250,300,1,1,200,300,-360,360,,,0,0,0,0,30,1,1,,,,sc/effects.sc,gen_hitlines_particle,,,,,100,,
gen_trail_particle_enemy,15,30,40,30,40,600,1000,0,360,true,true,0,0,1,12,,,0,35,500,500,sc/effects.sc,gen_particle_red,true,,60,10,500,0,
black_hole_projectile_afterexplosion,20,50,50,2,3,1000,2500,0,360,true,true,-10,25,1,12,,-5,5,35,500,500,sc/effects.sc,sparkle_dark,true,,100,10,500,0,sparkle_dark
black_hole_projectile_ghost,20,100,100,50,50,400,2000,0,360,true,true,-2,2,1,12,,-5,5,35,500,500,sc/effects.sc,sparkle_dark,true,,100,10,500,0,sparkle_dark
sparkle_trail_particle_black_minion,10,10,30,50,50,400,1000,0,360,true,true,-4,4,1,12,,-5,5,35,500,500,sc/effects.sc,sparkle_dark,true,,70,1,500,0,sparkle_dark
sparkle_trail_particle_black,20,100,100,50,50,400,1000,0,360,true,true,-2,2,1,12,,-5,5,35,500,500,sc/effects.sc,sparkle_dark,true,,100,10,500,0,sparkle_dark
sparkle_trail_particle_enemy,10,100,100,50,50,200,300,0,360,true,true,-2,2,1,12,,-3,3,35,500,500,sc/effects.sc,sparkle_01_red,true,,100,10,300,0,
Poco_Trail_special_particle,10,1000,1000,10,300,100,500,0,360,true,true,-4,4,1,12,,-3,3,35,500,500,sc/effects.sc,Heal_particle,true,,100,1,100,0,
sparkle_trail_particle,10,100,100,50,50,200,300,0,360,true,true,-2,2,1,12,,-3,3,35,500,500,sc/effects.sc,sparkle_01,true,,100,10,300,0,sparkle_trail_particle_enemy
poison_trail_particle,5,30,40,50,50,200,300,0,360,true,true,-1,1,1,12,,-3,3,35,500,500,sc/effects.sc,poison_skull,true,,100,50,300,0,
gen_trail_particle,15,30,10,30,40,200,500,0,360,true,true,-1,1,1,12,,-3,3,35,500,500,sc/effects.sc,dynamike_spark,true,,40,1,1000,0,
gen_trail_small_particle_enemy,3,30,40,30,40,600,1000,0,0,true,true,0,0,1,12,,0,0,0,500,500,sc/effects.sc,gen_particle_red,true,,45,3,500,0,
bb_trail_ulti,100,,,10,10,100,1000,0,0,true,true,-2,1,1,2,,0,0,0,600,800,sc/effects.sc,gen_particle_yellow,true,,200,10,500,0,
bb_trail_ulti_smoke,100,,,10,10,100,1000,90,0,,true,-2,1,1,2,,0,0,0,600,800,sc/effects.sc,fire_2,true,true,200,1,500,0,
,,,,,,,,,,,,,,,,,,,,,,sc/effects.sc,fire_3,,,,,,,
,,,,,,,,,,,,,,,,,,,,,,sc/effects.sc,fire_1,,,,,,,
bb_trail_small_particle,100,,,70,70,1000,1000,0,0,true,true,0,0,0,0,,0,0,0,600,800,sc/effects.sc,gen_particle_blue,true,,150,40,200,0,
shotgun_trail_small_particle,20,800,1200,1,30,400,600,0,0,true,true,0,0,1,12,,0,0,0,300,400,sc/effects.sc,shotgun_trail_particle,true,,20,1,500,0,gen_trail_particle_enemy
gen_trail_small_particle,15,800,1200,1,30,400,600,0,0,true,true,0,0,1,12,,0,0,0,500,500,sc/effects.sc,gen_particle_blue,true,,100,3,500,0,gen_trail_particle_enemy
gen_trail_smoke_darker_enemy,50,10,100,1,10,200,200,-360,0,true,true,-1,2,1,12,,0,0,0,300,500,sc/effects.sc,gen_smoke_small_particle_darker_solo_red,,,120,1,100,0,
gen_trail_small_particle_smoke_darker,50,10,100,1,10,200,200,-360,0,true,true,-1,2,1,12,,0,0,0,300,500,sc/effects.sc,gen_smoke_small_particle_darker_solo,,,120,1,100,0,gen_trail_smoke_darker_enemy
gen_trail_small_particle_smoke,15,1000,2000,40,50,400,800,0,0,true,true,0,0,1,12,,0,0,0,500,500,sc/effects.sc,smokepuff_bigger,,,70,1,500,0,gen_trail_particle_enemy
,,,,,,,,,,,,,,,,,,,,,,sc/effects.sc,smokepuff_bigger_2,,,,,,,
ground_explosion_small,1,,,,,2000,2000,-360,360,,,0,0,0,0,,,,,,,sc/effects.sc,ground_hit,true,,50,40,0,,
ground_explosion,1,,,,,2000,2000,-360,360,,,0,0,0,0,,,,,,,sc/effects.sc,ground_hit,true,,100,80,0,,
shotgun_hit,1,100,200,2,3,100,150,-360,360,true,true,0,0,65,100,,,,,,,sc/effects.sc,hit_star,true,true,10,110,10,,
no_hit_effect_red,5,200,300,1,2,200,300,-360,360,true,true,1,1,0,32,,,,,,,sc/effects.sc,gen_hitfx_dot_red,true,,150,25,80,,
no_hit_effect,5,200,300,1,2,200,300,-360,360,true,true,1,1,0,32,,,,,,,sc/effects.sc,gen_hitfx_dot_blue,true,,150,25,80,,no_hit_effect_red
gen_hit_flash,1,10,40,1,1,30,60,-360,360,true,true,-3,3,0,32,,,,,,,sc/effects.sc,hit_star,true,true,100,25,0,,
gen_hitfx_line_emitter,8,100,200,2,3,100,150,-360,360,true,true,0,0,65,100,,,,,,,sc/effects.sc,gen_hitfx_particle,true,true,50,110,50,,
gen_hitfx_dot_emitter,5,200,300,1,2,200,300,-360,360,true,true,1,1,0,32,,,,,,,sc/effects.sc,gen_hitfx_dot,true,,100,25,80,,
gen_beam_trail_particle_enemy,10,30,40,30,40,300,800,0,360,true,true,0,0,2,12,,,0,,1000,1000,sc/effects.sc,gen_particle_red,true,,45,1,1000,0,
gen_beam_trail_particle,10,30,40,30,40,300,800,0,360,true,true,0,0,2,12,,,0,,1000,1000,sc/effects.sc,gen_particle_blue,true,,45,1,1000,0,gen_beam_trail_particle_enemy
plasma_trail_emitter_red,20,100,200,12,24,300,800,0,360,true,true,1,2,4,6,,0,0,15,,,sc/effects.sc,tendril_particle_red,true,,70,5,1000,0,
bat_trail_emitter_red,10,900,900,10,20,400,500,0,360,true,true,1,2,2,6,,0,0,15,,,sc/effects.sc,bat_flight_01_red,true,true,70,40,100,0,
,,,,,,,,,,,,,,,,,,,,,,sc/effects.sc,bat_flight_02_red,true,,,,,,
bat_trail_emitter,10,900,900,10,20,400,500,0,360,true,true,1,2,2,6,,0,0,15,,,sc/effects.sc,bat_flight_01,true,true,70,40,100,0,bat_trail_emitter_red
,,,,,,,,,,,,,,,,,,,,,,sc/effects.sc,bat_flight_02,true,,,,,,
sniper_trail_emitter_special,10,10,30,50,50,400,1000,0,360,true,true,-4,4,1,12,,-5,5,35,500,500,sc/effects.sc,sparkle,true,,70,1,500,0,sparkle_dark
sniper_trail_emitter,20,400,400,30,30,600,750,0,0,true,true,1,2,4,6,,0,0,15,,,sc/effects.sc,gradient_ring,true,,70,1,500,0,
plasma_trail_emitter,20,100,200,12,24,300,800,0,360,true,true,1,2,4,6,,0,0,15,,,sc/effects.sc,tendril_particle_blue,true,,70,5,1000,0,plasma_trail_emitter_red
magic_spark_exlposion,50,200,700,12,24,300,1000,0,360,true,true,2,5,4,100,,0,0,200,,,sc/effects.sc,magic_particle,true,,150,20,200,0,plasma_trail_emitter_red
magic_spark_trail_emitter,5,100,200,12,24,300,400,0,360,true,true,1,3,4,6,,0,0,15,,,sc/effects.sc,magic_particle,true,,150,20,200,0,plasma_trail_emitter_red
electricity_spark_trail_emitter_red,5,100,200,12,24,300,400,0,360,true,true,1,3,4,6,,0,0,15,,,sc/effects.sc,spark_4_red,true,true,150,20,200,0,
electricity_spark_trail_emitter,5,100,200,12,24,300,400,0,360,true,true,1,3,4,6,,0,0,15,,,sc/effects.sc,spark_4,true,,150,20,200,0,electricity_spark_trail_emitter_red
blob_fx_particles,10,100,200,100,130,300,1200,265,280,,,-2,2,80,120,50,,,200,,,sc/effects.sc,gen_turbulence_dot_yellow,,,50,15,100,450,
,,,,,,,,,,,,,,,,,,,,,,,gen_turbulence_dot2_yellow,,,,,,,
health_fx_particles,5,100,200,15,33,300,1200,265,265,true,true,-4,4,80,120,50,,,200,,,sc/effects.sc,gen_spark,,,30,1,100,450,
gen_explosion_ring_emitter,1,100,200,1,2,1000,2000,0,0,,,0,0,1,1,0,0,0,0,,,sc/effects.sc,gen_explosion_ring1,false,false,100,100,300,,
gen_explosion_lines_emitter,2,100,200,1,2,200,300,0,0,,,0,0,1,1,0,0,0,0,,,sc/effects.sc,gen_explosion_lines1,false,false,50,200,33,,
gen_explosion_dust1_emitter,1,3000,3000,3,5,5000,10000,0,360,,,-1,1,-1,1,0,0,0,10,,,sc/effects.sc,gen_explosion_dust1,false,true,50,150,2000,,
gen_explosion_dust2_emitter,1,3000,3000,3,5,5000,10000,0,360,,,-1,1,-1,1,0,0,0,10,,,sc/effects.sc,gen_explosion_dust2,false,true,50,150,2000,,
spark_fx_emitter,3,200,200,1,1,100,200,,360,,true,-2,,400,500,,80,100,,200,400,sc/effects.sc,Smallspark,,true,50,30,,,
Plasma_fx_emitter,9,200,300,,,200,300,,360,,true,,,400,500,,80,100,,200,400,sc/effects.sc,SparkleBlue,,,,,,,
Dust_emitter_lingering,50,50,100,3,5,500,2000,-360,360,true,true,-10,20,5,12,10,1,2,10,,,sc/effects.sc,BlackSmokeLingering,false,,300,1,400,100,
Dust_emitter,4,50,100,3,5,1200,1200,-360,360,true,true,-4,4,5,12,10,1,2,10,,,sc/effects.sc,dust_particle1,false,,80,10,400,100,
,,,,,,,,,,,,,,,,12,,,,,,,dust_particle2,,,,,,,
,,,,,,,,,,,,,,,,15,,,,,,,dust_particle3,,,,,,,
Toxic_emitter_red,20,6000,6000,50,1000,2000,3200,-360,360,true,true,-15,15,5,10,,10,20,-30,0,0,sc/effects.sc,toxic_particle1_red,true,,20,230,2000,,
Toxic_emitter,20,6000,6000,50,1000,2000,3200,-360,360,true,true,-15,15,5,10,,10,20,-30,0,0,sc/effects.sc,toxic_particle1,true,,20,230,2000,,Toxic_emitter_red
explosion_streaks_emitter,4,200,300,,,400,600,80,100,,false,-1,1,0,0,,80,100,,0,0,sc/effects.sc,gen_explosion_s1,,,100,10,400,,
,,,,,,,,,,,,,,,,,,,,,,sc/effects.sc,gen_explosion_s2,,,,,,,
,,,,,,,,,,,,,,,,,,,,,,sc/effects.sc,gen_explosion_s3,,,,,,,
,,,,,,,,,,,,,,,,,,,,,,sc/effects.sc,gen_explosion_dark_streak1,,,,,,,
,,,,,,,,,,,,,,,,,,,,,,sc/effects.sc,gen_explosion_s1,,,,,,,
trickshot_hit_ring_emitter,1,,,,,300,400,0,360,,,0,0,1,2,0,,,,,,sc/effects.sc,ring_trail_particle,true,true,1,150,200,,Ring_trail_emitter_red
poison_fog_skull_particle,1,0,0,0,0,600,1000,,360,,true,3,7,,,100,,50,35,,,sc/effects.sc,poison_skull,,,20,200,500,20,
poison_fog_emitter,1,0,0,0,0,3000,4000,-140,140,true,true,-3,3,300,1000,65,20,20,0,,,sc/effects.sc,Poison_smoke,false,true,100,400,300,8000,
Hot_dust_emitter,2,100,200,,,150,250,,360,,true,,,0,0,10,0,0,,0,0,sc/effects.sc,hot_dust_particle,,true,110,33,100,,
heal_area_particles_enemy,10,100,200,10,20,800,1000,0,360,,,10,27,10,30,5,10,100,300,0,0,sc/effects.sc,Heal_particle_red,true,true,20,80,300,,
heal_area_particles,10,100,200,10,20,800,1000,0,360,,,10,27,10,30,5,10,100,300,0,0,sc/effects.sc,Heal_particle,true,true,20,80,300,,heal_area_particles_enemy
Point_collect_emitter,33,100,200,10,20,300,450,0,360,,true,-1,1,0,1,20,0,0,0,,,sc/effects.sc,point_collect_particle1,true,true,70,1,500,,
Ring_trail_emitter_red,3,30,40,30,40,400,500,0,360,,,0,0,1,2,0,,,,,,sc/effects.sc,ring_trail_particle_red,true,true,1,100,300,,
electricity_ring_red,3,30,40,30,40,400,500,0,360,,,0,0,1,2,0,,,,,,sc/effects.sc,electricity_ring_red,true,true,1,100,300,,
electricity_ring_trail_emitter,3,30,40,30,40,400,500,0,360,,,0,0,1,2,0,,,,,,sc/effects.sc,electricity_ring,true,true,1,100,300,,electricity_ring_red
Ring_trail_emitter,3,30,40,30,40,400,500,0,360,,,0,0,1,2,0,,,,,,sc/effects.sc,ring_trail_particle,true,true,1,100,300,,Ring_trail_emitter_red
Health_collect_emitter,33,100,200,10,20,300,450,0,360,,true,-1,1,0,1,20,0,0,0,,,sc/effects.sc,health_collect_particle1,true,true,70,1,500,,
explosion_arcs_emitter,3,200,300,,,200,300,80,100,,false,-1,1,0,0,,80,100,,0,0,sc/effects.sc,gen_explosion_arc1,,true,100,70,400,,
,,,,,,,,,,,,,,,,,,,,,,sc/effects.sc,gen_explosion_arc2,,,,,,,
,,,,,,,,,,,,,,,,,,,,,,sc/effects.sc,gen_explosion_arc2,,,,,,,
gen_death_particle,13,100,200,3,4,800,1200,220,320,,true,-1,3,10,15,65,30,65,-30,,,sc/effects.sc,gen_particle_black,,,200,20,100,20,
,,,,,,,,,,,,,,,,,,,,,,sc/effects.sc,gen_particle,,,,,,,
,,,,,,,,,,,,,,,,,,,,,,sc/effects.sc,gen_particle_black,,,,,,,
barkeep_smoke_red,70,1000,1000,20,20,700,2000,-140,140,true,true,-10,20,200,300,40,20,200,20,,,sc/effects.sc,barkeep_smoke_1_red,false,true,2,500,300,8000,
,,,,,,,,,,,,,,,,,,,,,,sc/effects.sc,barkeep_smoke_2_red,,,,,,,
,,,,,,,,,,,,,,,,,,,,,,,barkeep_smoke_3_red,,,,,,,
barkeep_smoke_ulti,100,2000,1600,20,20,1000,2000,-140,140,true,true,-10,20,200,300,200,20,200,50,,,sc/effects.sc,BlackSmoke,false,true,2,500,300,8000,barkeep_smoke_red
,,,,,,,,,,,,,,,,,,,,,,sc/effects.sc,BlackSmoke2,,,,,,,
,,,,,,,,,,,,,,,,,,,,,,,BlackSmoke3,,,,,,,
barkeep_smoke,70,1000,1000,20,20,700,2000,-140,140,true,true,-10,20,200,300,40,20,200,20,,,sc/effects.sc,barkeep_smoke_1,false,true,10,300,100,8000,barkeep_smoke_red
,,,,,,,,,,,,,,,,,,,,,,sc/effects.sc,barkeep_smoke_2,,,,,,,
,,,,,,,,,,,,,,,,,,,,,,,barkeep_smoke_3,,,,,,,
Gen_dark_smoke,30,200,300,10,10,1000,2000,-140,140,true,true,-6,8,200,300,65,20,200,20,,,sc/effects.sc,BlackSmoke,false,true,350,1,0,8000,Death_Dust_emitter_red
,,,,,,,,,,,,,,,,,,,,,,sc/effects.sc,BlackSmoke2,,,,,,,
,,,,,,,,,,,,,,,,,,,,,,,BlackSmoke3,,,,,,,
Gen_dust_emitter,20,200,300,10,10,200,700,-140,140,true,true,-2,5,300,1000,65,20,200,20,,,sc/effects.sc,gen_smoke_small_particle,false,true,200,1,0,8000,Death_Dust_emitter_red
,,,,,,,,,,,,,,,,,,,,,,sc/effects.sc,gen_smoke_small_particle_2,,,,,,,
Gen_dust_emitter_big,20,200,300,10,10,200,700,-140,140,true,true,-3,10,300,1000,65,20,200,20,,,sc/effects.sc,gen_smoke_small_particle,false,true,300,1,0,8000,Death_Dust_emitter_red
,,,,,,,,,,,,,,,,,,,,,,sc/effects.sc,gen_smoke_small_particle_2,,,,,,,
Death_Dust_emitter_top,5,100,200,4,5,2000,3000,-140,140,true,true,2,0,100,200,100,20,200,20,,,sc/effects.sc,BlackSmoke3,false,true,150,170,100,8000,
Death_Dust_skull,1,100,200,4,5,2000,3000,-140,140,true,true,0,0,100,200,100,20,200,20,,,sc/effects.sc,deathskull,false,true,100,150,100,8000,
Death_Dust_emitter_red,40,100,200,4,5,1000,2000,-140,140,true,true,0,2,300,1000,65,20,200,20,,,sc/effects.sc,smokepuff_red_01,false,true,400,5,100,8000,
Death_Dust_emitter,40,100,200,4,5,1000,2000,-140,140,true,true,0,2,300,1000,65,20,200,20,,,sc/effects.sc,smokepuff_blue_01,false,true,400,5,100,8000,Death_Dust_emitter_red
Small_Dust_emitter,10,50,100,3,5,10000,10000,-360,360,true,true,-2,2,5,12,100,100,200,200,,,sc/effects.sc,BlackSmoke,false,,150,100,100,100,
,,,,,,,,,,,,,,,,,,,,,,sc/effects.sc,BlackSmoke2,,,,,,,
,,,,,,,,,,,,,,,,,,,,,,sc/effects.sc,BlackSmoke3,,,,,,,
huge_explosion_streaks_emitter,3,200,300,,,400,600,80,360,,false,-1,1,0,0,,80,100,,0,0,sc/effects.sc,explosion_spike_1,,true,200,100,100,,
,,,,,,,,,,,,,,,,,,,,,,sc/effects.sc,explosion_spike_2,,,,,,,
,,,,,,,,,,,,,,,,,,,,,,sc/effects.sc,explosion_spike_3,,,,,,,
Small_explosion_streaks_emitter,3,200,300,,,400,600,80,360,,false,-1,1,0,0,,80,100,,0,0,sc/effects.sc,explosion_spike_1,,true,120,50,100,,
,,,,,,,,,,,,,,,,,,,,,,sc/effects.sc,explosion_spike_2,,,,,,,
,,,,,,,,,,,,,,,,,,,,,,sc/effects.sc,explosion_spike_3,,,,,,,
Small_Hot_dust_emitter,2,100,200,,,150,250,,360,,true,,,0,0,10,0,0,,0,0,sc/effects.sc,hot_dust_particle,,true,75,20,100,,
barkeep_shards_red,8,400,400,,1,600,1000,,360,,true,-1,1,50,80,20,100,250,-2000,30,50,sc/effects.sc,shard_red,,,150,50,100,10,
barkeep_shards,8,400,400,,1,600,1000,,360,,true,-1,1,50,80,20,100,250,-2000,30,50,sc/effects.sc,shard,,,150,50,100,10,barkeep_shards_red
,,,,,,,,,,,,,,,,,,,,,,,shard_2,,,,,,,
Gen_Big_Debris_emitter,10,500,500,5,5,500,1000,0,360,,true,-10,7,100,200,0,1000,3000,-7000,0,0,sc/effects.sc,gen_debris1_particle,,true,100,1,200,30,
,,,,,,,,,,,,,,,,,,,,,,sc/effects.sc,gen_debris2_particle,,,,,,,
Gen_Small_Debris_emitter,8,400,400,,5,600,800,,360,,true,-1,1,50,80,20,100,250,-2000,30,50,sc/effects.sc,gen_debris1_particle,,,50,10,50,10,
,,,,,,,,,,,,,,,,,,,,,,sc/effects.sc,gen_debris2_particle,,,,,,,
Hammer_ulti_cracks,1,1,1,0,0,5000,6000,-360,360,true,true,0,0,0,0,0,0,0,0,0,0,sc/effects.sc,cracks_ground_01,,true,200,200,1000,0,
,,,,,,,,,,,,,,,,,,,,,,sc/effects.sc,cracks_ground_02,,,,,,,
Hammer_ulti_rocks,50,0,0,0,0,1000,3000,0,360,true,true,-15,15,20,100,33,600,1500,-7000,0,0,sc/effects.sc,stone_1,,true,120,30,150,150,
,,,,,,,,,,,,,,,,,,,,,,sc/effects.sc,stone_2,,,,,,,
,,,,,,,,,,,,,,,,,,,,,,sc/effects.sc,stone_3,,,,,,,
confetti_explosion,100,500,500,1,1,500,1000,0,360,,true,0,5,50,250,0,0,0,,0,0,sc/effects.sc,confetti_rotate_1,,true,120,10,100,30,
,,,,,,,,,,,,,,,,,,,,,,sc/effects.sc,confetti_rotate_2,,,,,,,
,,,,,,,,,,,,,,,,,,,,,,sc/effects.sc,confetti_rotate_3,,,,,,,
,,,,,,,,,,,,,,,,,,,,,,sc/effects.sc,confetti_rotate_4,,,,,,,
,,,,,,,,,,,,,,,,,,,,,,sc/effects.sc,confetti_rotate_5,,,,,,,
,,,,,,,,,,,,,,,,,,,,,,sc/effects.sc,confetti_rotate_6,,,,,,,
confetti_flying,100,1000,1000,2,5,2000,4000,0,360,,true,-30,30,20,300,0,0,0,,0,0,sc/effects.sc,confetti_rotate_1,,true,80,20,500,30,
,,,,,,,,,,,,,,,,,,,,,,sc/effects.sc,confetti_rotate_2,,,,,,,
,,,,,,,,,,,,,,,,,,,,,,sc/effects.sc,confetti_rotate_3,,,,,,,
,,,,,,,,,,,,,,,,,,,,,,sc/effects.sc,confetti_rotate_4,,,,,,,
,,,,,,,,,,,,,,,,,,,,,,sc/effects.sc,confetti_rotate_5,,,,,,,
,,,,,,,,,,,,,,,,,,,,,,sc/effects.sc,confetti_rotate_6,,,,,,,
one_card_flying,1,100,100,10,10,500,800,0,360,true,true,0,0,0,50,0,100,200,-2000,0,0,sc/effects.sc,card_love,true,true,100,90,150,30,
,,,,,,,,,,,,,,,,,,,,,,sc/effects.sc,card_money,,,,,,,
,,,,,,,,,,,,,,,,,,,,,,sc/effects.sc,card_death,,,,,,,
trash_hit_particle_enemy,1,10,200,10,10,200,500,0,360,true,true,-2,7,100,100,0,500,1200,-7000,0,0,sc/effects.sc,scrap_red_01,true,true,100,50,150,30,
,,,,,,,,,,,,,,,,,,,,,,sc/effects.sc,scrap_red_02,,,,,,,
,,,,,,,,,,,,,,,,,,,,,,sc/effects.sc,scrap_red_03,,,,,,,
trash_hit_particle,1,10,20,10,10,700,1000,0,360,true,true,-2,7,100,100,0,500,1200,-7000,0,0,sc/effects.sc,scrap_blue_01,true,true,100,50,150,30,trash_hit_particle_enemy
,,,,,,,,,,,,,,,,,,,,,,sc/effects.sc,scrap_blue_02,,,,,,,
,,,,,,,,,,,,,,,,,,,,,,sc/effects.sc,scrap_blue_03,,,,,,,
Cards_flying,10,100,100,10,10,700,1000,0,360,true,true,-2,7,100,100,200,500,1200,-2000,0,0,sc/effects.sc,card_love,true,true,100,100,150,30,
,,,,,,,,,,,,,,,,,,,,,,sc/effects.sc,card_money,,,,,,,
,,,,,,,,,,,,,,,,,,,,,,sc/effects.sc,card_death,,,,,,,
Gems_flying,40,1000,1000,2,2,8000,10000,0,360,,true,-10,7,100,200,0,1000,3000,-7000,0,0,sc/effects.sc,gem_rotate,,true,80,70,200,30,
Hammer_trail_rocks_big,10,30,40,20,20,200,500,0,360,,true,-7,7,20,300,0,600,1000,-7000,0,0,sc/effects.sc,stone_1,,true,190,100,200,500,
,,,,,,,,,,,,,,,,,,,,,,sc/effects.sc,stone_2,,,,,,,
,,,,,,,,,,,,,,,,,,,,,,sc/effects.sc,stone_3,,,,,,,
Hammer_trail_rocks,10,30,40,30,30,300,800,0,360,true,true,-2,2,50,200,33,600,1500,-7000,0,0,sc/effects.sc,stone_1,,true,120,30,150,20,
,,,,,,,,,,,,,,,,,,,,,,sc/effects.sc,stone_2,,,,,,,
,,,,,,,,,,,,,,,,,,,,,,sc/effects.sc,stone_3,,,,,,,
Hammer_trail_dust,20,30,40,5,5,200,500,90,90,,,-5,7,10,50,70,10,20,35,500,500,sc/effects.sc,hit_dust,true,,150,1,300,0,
,,,,,,,,,,,,,,,,,,,,,,sc/effects.sc,hit_dust_2,,,,,,,
soundwave_trail_heal_ulti_red,40,500,1000,20,5,500,1000,90,90,,,-8,10,10,50,70,10,20,35,500,500,sc/effects.sc,mexico_cloud_dark_red,true,,150,1,10,0,
soundwave_trail_heal_ulti_flowers,40,100,200,20,40,100,200,0,360,,,-10,10,1,1,1,1,1,1,500,500,sc/effects.sc,mexico_cloud_heal,true,,200,1,10,0,
soundwave_trail_heal_ulti,40,500,1000,20,5,200,1200,90,90,,,-8,10,0,1,1,1,1,1,,,sc/effects.sc,flower_01,,,150,50,300,0,
,,,,,,,,,,,,,,,,,,,,,,sc/effects.sc,music_note_3,,,,,,,
,,,,,,,,,,,,,,,,,,,,,,sc/effects.sc,flower_02,,,,,,,
,,,,,,,,,,,,,,,,,,,,,,sc/effects.sc,flower_03,,,,,,,
soundwave_trail_dust_red,20,30,40,5,5,50,200,90,90,,true,-5,15,10,50,70,10,20,35,500,200,sc/effects.sc,mexico_cloud_red,true,,140,1,50,0,
soundwave_trail_dust,20,100,100,5,5,50,200,90,90,,true,-5,15,10,50,70,10,20,35,500,200,sc/effects.sc,mexico_cloud,true,,140,1,50,0,soundwave_trail_dust_red
Nuts_and_bolts_particle_big,10,30,40,0,0,500,2000,0,360,true,true,-2,2,50,200,33,600,1500,-7000,0,0,sc/effects.sc,bolt_1,,true,120,30,150,20,
,,,,,,,,,,,,,,,,,,,,,,sc/effects.sc,bolt_2,,,,,,,
,,,,,,,,,,,,,,,,,,,,,,sc/effects.sc,bolt_3,,,,,,,
Nuts_and_bolts_particle,1,30,40,0,0,500,1000,0,360,true,true,-2,2,50,200,33,600,1500,-7000,0,0,sc/effects.sc,bolt_1,,true,120,30,150,20,
,,,,,,,,,,,,,,,,,,,,,,sc/effects.sc,bolt_2,,,,,,,
,,,,,,,,,,,,,,,,,,,,,,sc/effects.sc,bolt_3,,,,,,,
Hammer_trail_particle,4,40,40,70,70,700,700,,,,,-5,5,,,-50,-3,3,,500,500,sc/effects.sc,cracks_ground_02,true,,70,70,700,0,
,,,,,,,,,,,,,,,,,,,,,,sc/effects.sc,cracks_ground_01,,,,,,,
purple_trail_particle,10,30,40,30,40,400,500,0,360,true,true,-1,1,1,12,,-3,3,35,500,500,sc/effects.sc,gen_particle_purple,true,,60,10,500,0,
gen_move_dust_emitter,10,100,200,100,200,600,800,0,360,true,true,-1,1,3,5,10,30,20,20,,,sc/effects.sc,dust_particle1_single,,true,20,2,500,,
Teleport_light_particles,33,40,100,10,20,2400,3200,0,360,true,true,-1,1,10,12,30,-5,5,20,100,100,sc/effects.sc,gen_particle,,,100,20,10,,
,,,,,,,,,,,,,,,,,,,,,,,gen_particle_black,,,,,,,
Stunner,9,100,200,,,100,400,,360,,true,,,400,500,,80,100,,200,400,sc/effects.sc,SparkleBlue,,,,,,,
Death_sparkle_still1,12,180,180,1,3,300,2500,-20,20,true,,,2,,35,25,,50,-150,,,sc/effects.sc,Death_blue_sparkle1,,true,80,10,2000,25,Death_sparkle2_purple
,,,,,,,,,,,,,,,,,,,,,,sc/effects.sc,Death_blue_sparkle2,,,,,,,
,,,,,,,,,,,,,,,,,,,,,,sc/effects.sc,Death_blue_sparkle3,,,,,,,
,,,,,,,,,,,,,,,,,,,,,,sc/effects.sc,Death_blue_sparkle4,,,,,,,
Death_sparkle2_purple,12,180,180,1,3,600,2900,-20,20,true,,,2,,35,25,,50,-150,,,sc/effects.sc,Death_purple_sparkle1,,true,80,10,1600,25,
,,,,,,,,,,,,,,,,,,,,,,sc/effects.sc,Death_purple_sparkle2,,,,,,,
,,,,,,,,,,,,,,,,,,,,,,sc/effects.sc,Death_purple_sparkle3,,,,,,,
,,,,,,,,,,,,,,,,,,,,,,sc/effects.sc,Death_purple_sparkle4,,,,,,,
Grass_hit_debris1,12,100,200,10,20,300,800,0,360,,true,-4,4,10,15,50,10,20,-100,,,sc/effects.sc,grass_straw_1,true,,80,10,500,,
,,,,,,,,,,,,,,,,,,,,,,sc/effects.sc,grass_straw_1,,,,,,,
Grass_hit_big_mine,40,200,300,10,10,300,1200,-120,90,,true,-5,5,10,200,100,20,40,-200,,,sc/effects.sc,grass_straw_3_mine,true,true,200,20,500,300,
,,,,,,,,,,,,,,,,,,,,,,sc/effects.sc,grass_straw_2_mine,,,,,,,
Grass_hit_big_yellow,40,200,300,10,10,300,1200,-120,90,,true,-5,5,10,200,100,20,40,-200,,,sc/effects.sc,grass_straw_1_desert,true,true,200,20,500,300,
,,,,,,,,,,,,,,,,,,,,,,sc/effects.sc,grass_straw_2_desert,,,,,,,
,,,,,,,,,,,,,,,,,,,,,,sc/effects.sc,grass_straw_3_desert,,,,,,,
Grass_hit_big,40,200,300,10,10,300,1200,-120,90,,true,-5,5,10,200,100,20,40,-200,,,sc/effects.sc,grass_straw_3,true,true,200,20,500,300,
,,,,,,,,,,,,,,,,,,,,,,sc/effects.sc,grass_straw_2,,,,,,,
Grass_hit_mine,5,200,300,10,10,300,900,-120,90,,true,-2,2,10,200,170,20,40,-200,,,sc/effects.sc,grass_straw_3_mine,true,true,120,20,500,300,
,,,,,,,,,,,,,,,,,,,,,,sc/effects.sc,grass_straw_2_mine,,,,,,,
,,,,,,,,,,,,,,,,,,,,,,,grass_straw_1_mine,,,,,,,
Grass_hit_yellow,5,200,300,10,10,300,900,-120,90,,true,-2,2,10,200,170,20,40,-200,,,sc/effects.sc,grass_straw_1_desert,true,true,120,20,500,300,
,,,,,,,,,,,,,,,,,,,,,,sc/effects.sc,grass_straw_2_desert,,,,,,,
,,,,,,,,,,,,,,,,,,,,,,,grass_straw_3_desert,,,,,,,
Grass_hit,5,200,300,10,10,300,900,-120,90,,true,-2,2,10,200,170,20,40,-200,,,sc/effects.sc,grass_straw_3,true,true,120,20,500,300,
,,,,,,,,,,,,,,,,,,,,,,sc/effects.sc,grass_straw_2,,,,,,,
,,,,,,,,,,,,,,,,,,,,,,,grass_straw_1,,,,,,,
Grass_wind,1,200,300,1,3,50,900,-120,90,,true,-5,5,30,45,50,20,40,-100,,,sc/effects.sc,grass_straw_3,true,true,70,20,500,5,
,,,,,,,,,,,,,,,,,,,,,,sc/effects.sc,grass_straw_2,,,,,,,
,,,,,,,,,,,,,,,,,,,,,,sc/effects.sc,grass_straw_1,,,,,,,
Grass_explo_debris1,60,200,300,10,20,500,900,0,360,,true,-5,5,30,45,50,20,40,-100,,,sc/effects.sc,grass_straw_3,true,true,80,45,500,5,
,,,,,,,,,,,,,,,,,,,,,,sc/effects.sc,grass_straw_2,,,,,,,
,,,,,,,,,,,,,,,,,,,,,,sc/effects.sc,grass_straw_1,,,,,,,
leaves_on_ground,30,550,800,20,30,1000,2000,0,360,,true,-5,5,20,50,40,10,20,-50,,,sc/effects.sc,grass_straw_3,true,true,75,50,400,20,
,,,,,,,,,,,,,,,,,,,,,,sc/effects.sc,grass_straw_2,,,,,,,
,,,,,,,,,,,,,,,,,,,,,,sc/effects.sc,grass_straw_1,,,,,,,
shell,1,0,0,10,500,1000,2000,-360,360,,true,-2,2,70,100,28,150,300,-2000,0,0,sc/effects.sc,shell_1,,true,60,70,300,10,
,,,,,,,,,,,,,,,,,,,,,,sc/effects.sc,shell_2,,,,,,,
,,,,,,,,,,,,,,,,,,,,,,sc/effects.sc,shell_3,,,,,,,
shell_shotgun,1,0,0,10,500,1000,2000,90,110,,true,-2,2,70,100,28,150,300,-2000,0,0,sc/effects.sc,shell_1,,true,60,70,300,10,
,,,,,,,,,,,,,,,,,,,,,,sc/effects.sc,shell_2,,,,,,,
,,,,,,,,,,,,,,,,,,,,,,sc/effects.sc,shell_3,,,,,,,
Rock_hit_debris1_mine,1,0,0,10,500,100,1000,-45,45,,true,-2,2,20,70,28,150,300,-2000,0,0,sc/effects.sc,stone_1_mine,true,true,75,40,100,10,
,,,,,,,,,,,,,,,,,,,,,,sc/effects.sc,stone_2_mine,,,,,,,
,,,,,,,,,,,,,,,,,,,,,,sc/effects.sc,stone_3_mine,,,,,,,
Rock_hit_debris1,1,0,0,10,500,100,1000,-45,45,,true,-2,2,20,70,28,150,300,-2000,0,0,sc/effects.sc,stone_1,true,true,75,40,100,10,
,,,,,,,,,,,,,,,,,,,,,,sc/effects.sc,stone_2,,,,,,,
,,,,,,,,,,,,,,,,,,,,,,sc/effects.sc,stone_3,,,,,,,
splinters_small,1,200,400,5,10,1000,2000,90,360,true,true,-2,2,50,200,33,600,800,-7000,0,0,sc/effects.sc,splinter_01,,true,100,30,300,120,
,,,,,,,,,,,,,,,,,,,,,,sc/effects.sc,splinter_02,,,,,,,
,,,,,,,,,,,,,,,,,,,,,,sc/effects.sc,splinter_03,,,,,,,
splinters,2,200,400,5,10,1000,2000,0,360,true,true,-2,2,50,200,33,600,1500,-7000,0,0,sc/effects.sc,splinter_01,,true,100,30,300,20,
,,,,,,,,,,,,,,,,,,,,,,sc/effects.sc,nail_01,,,,,,,
,,,,,,,,,,,,,,,,,,,,,,sc/effects.sc,splinter_02,,,,,,,
,,,,,,,,,,,,,,,,,,,,,,sc/effects.sc,splinter_03,,,,,,,
Rock_explo_debris1_mine,5,,,,,1000,2000,0,360,true,true,-2,2,50,100,33,1000,2000,-7000,0,0,sc/effects.sc,stone_1_mine,,true,100,50,300,5,
,,,,,,,,,,,,,,,,,,,,,,sc/effects.sc,stone_2_mine,,,,,,,
,,,,,,,,,,,,,,,,,,,,,,sc/effects.sc,stone_3_mine,,,,,,,
fragile_explo_debris_oasis,20,,,,,1000,2000,0,360,true,true,-2,2,50,100,33,1000,2000,-7000,0,0,sc/effects.sc,vase_shard_01,,true,100,50,300,5,
,,,,,,,,,,,,,,,,,,,,,,sc/effects.sc,vase_shard_02,,,,,,,
,,,,,,,,,,,,,,,,,,,,,,sc/effects.sc,vase_shard_03,,,,,,,
fragile_explo_debris,10,,,,,1000,2000,0,360,true,true,-2,2,50,100,33,1000,2000,-7000,0,0,sc/effects.sc,bone_01,,true,100,50,300,5,
,,,,,,,,,,,,,,,,,,,,,,sc/effects.sc,bone_02,,,,,,,
,,,,,,,,,,,,,,,,,,,,,,sc/effects.sc,bone_03,,,,,,,
Rock_explo_debris1,5,,,,,1000,2000,0,360,true,true,-2,2,50,100,33,1000,2000,-7000,0,0,sc/effects.sc,stone_1,,true,100,50,300,5,
,,,,,,,,,,,,,,,,,,,,,,sc/effects.sc,stone_2,,,,,,,
,,,,,,,,,,,,,,,,,,,,,,sc/effects.sc,stone_3,,,,,,,
Hit_dust,1,200,400,5,10,500,1000,-360,360,,true,0,3,10,15,0,5,8,140,,,sc/effects.sc,hit_dust_2,,,140,10,200,10,
,,,,,,,,,,,,,,,,,,,,,,sc/effects.sc,hit_dust,,,,,,,
Explo_dust,20,50,500,1,2,100,1200,-360,360,,true,-5,5,10,20,50,12,22,200,,,sc/effects.sc,hit_dust,,,150,50,300,20,
,,,,,,,,,,,,,,,,,,,,,,sc/effects.sc,hit_dust_2,,,,,,,
planks_fly,10,,,,,500,1000,90,360,,true,-5,10,20,300,0,600,3000,-7000,0,0,sc/effects.sc,plank_01,,true,150,50,200,20,
,,,,,,,,,,,,,,,,,,,,,,sc/effects.sc,plank_02,,,,,,,
,,,,,,,,,,,,,,,,,,,,,,sc/effects.sc,splinter_02,,,,,,,
,,,,,,,,,,,,,,,,,,,,,,sc/effects.sc,splinter_03,,,,,,,
,,,,,,,,,,,,,,,,,,,,,,sc/effects.sc,plank_03,,,,,,,
fire_after_explosion,3,,,,,200,5000,90,360,,true,-10,15,,,,,,,0,0,sc/effects.sc,fire_2,,true,50,10,200,0,
,,,,,,,,,,,,,,,,,,,,,,sc/effects.sc,fire_3,,,,,,,
,,,,,,,,,,,,,,,,,,,,,,sc/effects.sc,fire_1,,,,,,,
planks,10,,,,,2000,7000,90,360,,true,-5,10,20,300,0,600,1000,-7000,0,0,sc/effects.sc,plank_01,,true,150,120,200,500,
,,,,,,,,,,,,,,,,,,,,,,sc/effects.sc,plank_02,,,,,,,
,,,,,,,,,,,,,,,,,,,,,,sc/effects.sc,splinter_02,,,,,,,
,,,,,,,,,,,,,,,,,,,,,,sc/effects.sc,splinter_03,,,,,,,
Rock_explo_debris2_mine,5,,,,,200,1000,0,360,,true,-3,3,20,100,0,1000,3000,-6000,0,0,sc/effects.sc,stone_1_mine,,true,300,100,200,20,
,,,,,,,,,,,,,,,,,,,,,,sc/effects.sc,stone_2_mine,,,,,,,
,,,,,,,,,,,,,,,,,,,,,,sc/effects.sc,stone_3_mine,,,,,,,
Rock_explo_debris2,5,,,,,200,1000,0,360,,true,-3,3,20,100,0,1000,3000,-6000,0,0,sc/effects.sc,stone_1,,true,300,100,200,20,
,,,,,,,,,,,,,,,,,,,,,,sc/effects.sc,stone_2,,,,,,,
,,,,,,,,,,,,,,,,,,,,,,sc/effects.sc,stone_3,,,,,,,
Pix_emitter_red,50,1200,1200,10,20,900,1300,0,360,,,-5,5,2,3,140,-40,-100,-400,,,sc/effects.sc,red_pix,,true,100,20,200,,
Pix_emitter,50,1200,1200,10,20,900,1300,0,360,,,-5,5,2,3,140,-40,-100,-400,,,sc/effects.sc,blue_pix,,true,100,20,200,,Pix_emitter_red
Pix_emitter_up,50,1200,1200,10,20,900,1300,0,360,,,-5,5,2,3,0,40,120,200,,,sc/effects.sc,blue_pix,,true,100,20,200,,Pix_emitter_red
Ground_glow_emitter_red,1,100,200,3,4,2000,2000,0,360,,,0,0,0,0,0,0,0,0,0,0,sc/effects.sc,red_buildup_ground,,,450,350,200,,
Ground_glow_emitter,1,100,200,3,4,2000,2000,0,360,,,0,0,0,0,0,0,0,0,0,0,sc/effects.sc,buildup_ground,,,450,350,200,,Ground_glow_emitter_red
gen_bouncefx_dot_blue_emitter,3,100,150,1,2,200,250,-360,360,true,true,1,1,0,10,,,,,,,sc/effects.sc,gen_hitfx_dot_blue,true,,80,2,140,,
gen_bouncefx_dot_emitter,3,100,150,1,2,200,250,-360,360,true,true,0,0,0,7,,,,,,,sc/effects.sc,gen_hitfx_dot,true,,80,2,140,,
rocket_trail_emitter_red,25,8500,8500,40,40,1000,1200,0,0,true,true,0,0,1,12,,0,0,0,,,sc/effects.sc,rocket_trail_particle_red,true,,100,50,500,0,
rocket_trail_spark_emitter_red,20,8500,8500,50,50,500,750,-10,10,true,,-1,1,5,25,,0,0,0,,,sc/effects.sc,gen_hitfx_dot,true,,33,5,50,0,
rocket_trail_emitter,25,8500,8500,40,40,1000,1200,0,0,true,true,0,0,1,12,,0,0,0,,,sc/effects.sc,rocket_trail_particle,true,,100,50,500,0,rocket_trail_emitter_red
rocket_trail_smoke_emitter_red,33,0,0,30,30,5000,10000,-360,360,true,true,,,1,12,,0,0,0,,,sc/effects.sc,BlackSmoke_rocket_red,true,,70,1,800,0,rocket_trail_smoke_emitter_red
lucha_smoke_emitter_red,100,0,0,30,30,2000,3000,-360,360,true,true,-1,1,1,12,,0,0,0,,,sc/effects.sc,lucha_smoke_red,true,,150,1,800,0,
lucha_smoke_emitter,100,0,0,30,30,2000,3000,-360,360,true,true,-1,1,1,12,,0,0,0,,,sc/effects.sc,lucha_smoke,true,,150,1,800,0,lucha_smoke_emitter_red
shotgun_trail_smoke_emitter,100,0,0,30,30,5000,10000,-360,360,true,true,-1,1,1,12,,0,0,0,,,sc/effects.sc,BlackSmoke_rocket,true,,100,50,800,0,rocket_trail_smoke_emitter_red
lucha_smoke_emitter_super,33,0,0,30,30,5000,10000,-360,360,true,true,-2,5,1,12,,0,0,0,,,sc/effects.sc,BlackSmoke_lucha,true,,150,1,800,0,
rocket_trail_smoke_emitter,33,0,0,30,30,5000,10000,-360,360,true,true,,,1,12,,0,0,0,,,sc/effects.sc,BlackSmoke_rocket,true,,70,1,800,0,rocket_trail_smoke_emitter_red
rocket_trail_spark_emitter,20,8500,8500,50,50,500,750,-10,10,true,,-1,1,5,25,,0,0,0,,,sc/effects.sc,gen_hitfx_dot,true,,33,5,50,0,rocket_trail_spark_emitter_red
gen_small_smoke_emitter_red,5,180,240,10,20,1200,2400,0,0,true,true,-3,3,20,30,70,-3,-30,20,,,sc/effects.sc,gen_smoke_small_particle_red,,,200,20,800,10,
Gen_small_smoke,5,700,800,5,7,1200,2400,-5,45,true,true,-3,3,1,1,0,-3,0,100,,,sc/effects.sc,smokepuff_walk,,,50,100,800,10,
dust_puff,5,5,240,5,7,1200,2400,-5,45,true,true,-2,2,1,1,0,-3,0,100,,,sc/effects.sc,smokepuff_walk,,,200,50,800,10,
walking_smoke,1,5,240,5,7,1200,2400,-5,45,true,true,-1,1,1,1,0,-3,0,100,,,sc/effects.sc,smokepuff_walk,,,50,100,800,10,
gen_small_smoke_emitter_smaller,5,5,240,5,7,1000,1700,-5,45,true,true,-3,3,40,50,70,-3,-30,20,,,sc/effects.sc,gen_smoke_small_particle,,,50,10,800,10,
gen_small_smoke_emitter_darker,1,2,240,5,7,1000,1000,-5,45,true,true,-3,3,40,50,70,-3,-30,20,,,sc/effects.sc,gen_smoke_small_particle_darker,,,120,20,800,10,
,,,,,,,,,,,,,,,,,,,,,,sc/effects.sc,gen_smoke_small_particle_darker_2,,,,,,,
,,,,,,,,,,,,,,,,,,,,,,sc/effects.sc,gen_smoke_small_particle_darker_3,,,,,,,
gen_small_smoke_emitter,5,5,240,5,7,1000,1700,-5,45,true,true,-3,3,40,50,70,-3,-30,20,,,sc/effects.sc,gen_smoke_small_particle,,,100,20,800,10,
shooting_spark_emitter_red,20,120,180,10,20,500,750,-5,45,true,,0,0,100,120,70,0,0,0,,,sc/effects.sc,gen_hitfx_dot,true,,33,1,100,0,
muzzle_flash_white_tiny,3,3,1,20,100,100,100,-5,45,true,,0,0,0,0,70,0,0,0,,,sc/effects.sc,muzzle_flash_white,true,true,100,200,0,0,
,,,,,,,,,,,,,,,,,,,,,,sc/effects.sc,muzzle_flash_white_2,,,,,,,
muzzle_flash_smaller,3,3,1,20,100,100,100,-5,45,true,,0,0,0,0,70,0,0,0,,,sc/effects.sc,muzzle_flash,true,true,100,200,0,0,
,3,3,1,20,100,100,100,-5,45,true,,0,0,0,0,70,0,0,0,,,sc/effects.sc,muzzle_flash_2,true,true,150,300,0,0,
muzzle_flash,3,3,1,20,100,100,100,-5,45,true,,0,0,0,0,70,0,0,0,,,sc/effects.sc,muzzle_flash,true,true,150,300,0,0,
,3,3,1,20,100,100,100,-5,45,true,,0,0,0,0,70,0,0,0,,,sc/effects.sc,muzzle_flash_2,true,true,150,300,0,0,
shooting_spark_emitter,7,10,180,10,,300,750,-5,45,true,,0,0,100,120,70,0,0,0,,,sc/effects.sc,gen_spark,true,,50,1,100,0,
rocket_spark_emitter,1,,,20,,50,200,-356,,true,true,,2,100,200,0,200,300,0,,,sc/effects.sc,gen_spark,true,,30,1,200,0,
rocket_attack_smoke_emitter_red,5,180,240,10,20,1200,2400,0,0,true,true,-4,4,2,5,66,-100,-200,10,,,sc/effects.sc,gen_smoke_small_particle_red,,,60,300,600,20,
rocket_attack_smoke_emitter,5,180,240,10,20,1200,2400,0,0,true,true,-4,4,2,5,66,-100,-200,10,,,sc/effects.sc,gen_smoke_small_particle,,,60,300,600,20,rocket_attack_smoke_emitter_red
rocket_shoot_spark_emitter_red,8,120,180,10,20,500,750,-5,45,true,,-2,2,3,5,66,-400,-600,-200,10,30,sc/effects.sc,gen_hitfx_dot,true,,70,1,200,0,
rocket_shoot_spark_emitter,8,120,180,10,20,500,750,-5,45,true,,-2,2,3,5,66,-400,-600,-200,10,30,sc/effects.sc,gen_hitfx_dot_blue,true,,70,1,200,0,rocket_shoot_spark_emitter_red
laser_muzzle_emitter_red,2,100,200,2,3,200,300,0,5,true,true,0,0,0,0,75,0,0,0,,,sc/effects.sc,gen_muzzleline_particle_red,true,,10,200,100,,
laser_muzzle_emitter,2,100,200,2,3,200,300,0,5,true,true,0,0,0,0,75,0,0,0,,,sc/effects.sc,gen_muzzleline_particle,true,,10,200,100,,laser_muzzle_emitter_red
charge_fx_emitter,30,500,1200,50,100,1200,2400,0,,true,true,-1,1,10,20,50,0,0,-30,40,500,sc/effects.sc,gen_smoke_small_particle,true,,100,300,300,,
turret_muzzle_emitter_red,2,100,200,2,3,200,300,0,5,true,true,0,0,0,0,20,0,0,0,,,sc/effects.sc,gen_muzzleline_particle_red,true,,10,200,100,,
turret_muzzle_emitter,2,100,200,2,3,200,300,0,5,true,true,0,0,0,0,20,0,0,0,,,sc/effects.sc,gen_muzzleline_particle,true,,10,200,100,,turret_muzzle_emitter_red
splat_emitter,4,100,200,10,30,600,800,0,360,true,true,-1,1,2,3,100,80,120,20,,,sc/effects.sc,splat,,,20,50,600,,
ground_splat_emitter_red,10,1,1,0,0,10000,10000,0,360,true,true,-5,5,1,2,0,0,0,0,0,0,sc/effects.sc,splat_1_red,,,50,20,200,10,
,,,,,,,,,,,,,,,,,,,,,,sc/effects.sc,splat_2_red,,,,,,,
,,,,,,,,,,,,,,,,,,,,,,sc/effects.sc,splat_3_red,,,,,,,
ground_splat_small_red,10,1,1,0,0,8000,9000,0,360,true,true,-15,15,1,2,0,0,0,0,0,0,sc/effects.sc,splat_3_red,,,40,1,200,10,
ground_splat_small,10,1,1,0,0,8000,9000,0,360,true,true,-15,15,1,2,0,0,0,0,0,0,sc/effects.sc,splat_3,,,40,1,200,10,ground_splat_small_red
ground_splat_emitter,10,1,1,0,0,10000,10000,0,360,true,true,-5,5,1,2,0,0,0,0,0,0,sc/effects.sc,splat_1,,,50,20,200,10,ground_splat_emitter_red
,,,,,,,,,,,,,,,,,,,,,,sc/effects.sc,splat_2,,,,,,,
,,,,,,,,,,,,,,,,,,,,,,sc/effects.sc,splat_3,,,,,,,
barkeep_fire,70,1,1,0,0,100,5000,0,360,true,true,-15,15,1,2,0,0,0,0,0,0,sc/effects.sc,fire,,true,80,30,200,300,
,,,,,,,,,,,,,,,,,,,,,,sc/effects.sc,fire_2,,,,,,,
,,,,,,,,,,,,,,,,,,,,,,sc/effects.sc,fire_3,,,,,,,
barkeep_splat_red,10,1,1,0,0,1400,1400,0,360,true,true,-15,15,1,2,0,0,0,0,0,0,sc/effects.sc,barkeep_splat_1_red,,true,70,50,200,300,
,,,,,,,,,,,,,,,,,,,,,,sc/effects.sc,barkeep_splat_2_red,,,,,,,
barkeep_splat,10,1,1,0,0,1400,1400,0,360,true,true,-15,15,1,2,0,0,0,0,0,0,sc/effects.sc,barkeep_splat_1,,true,70,50,200,300,barkeep_splat_red
,,,,,,,,,,,,,,,,,,,,,,sc/effects.sc,barkeep_splat_2,,,,,,,
barkeep_splat_ulti,1,1,1,0,0,3000,4000,0,360,true,true,-20,20,1,2,0,0,0,0,0,0,sc/effects.sc,splat_ulti,,,40,10,200,300,barkeep_splat_red
splats_flying_red,10,,,,,100,700,90,360,,true,-10,15,200,250,0,0,0,0,0,0,sc/effects.sc,splat_3_red,,true,100,10,200,200,
splats_flying,10,,,,,100,700,90,360,,true,-10,15,200,250,0,0,0,0,0,0,sc/effects.sc,splat_3,,true,100,10,200,200,splats_flying_red
big_explosion_streaks_emitter,4,200,300,,,400,600,80,100,,false,-1,1,0,0,,80,100,,0,0,sc/effects.sc,gen_explosion_s1,,,100,10,400,,
big_explosion_lines_emitter,2,100,200,1,2,200,300,0,0,,,0,0,1,1,0,0,0,0,,,sc/effects.sc,gen_explosion_lines1,false,false,50,200,33,,
big_Dust_emitter,4,50,100,3,5,1200,1200,-360,360,true,true,-4,4,5,12,10,1,2,10,,,sc/effects.sc,dust_particle1,false,,150,10,400,100,
big_Hot_dust_emitter,2,100,200,,,150,250,,360,,true,,,0,0,10,0,0,,0,0,sc/effects.sc,hot_dust_particle,,true,200,33,100,,
very_big_explosion_lines_emitter,4,200,300,,,400,600,80,100,,false,-1,1,0,0,,80,100,,0,0,sc/effects.sc,gen_explosion_s1,,,150,70,400,,
very_big_explosion_streaks_emitter,2,100,200,1,2,200,300,0,0,,,0,0,1,1,0,0,0,0,,,sc/effects.sc,gen_explosion_lines1,false,false,50,200,33,,
very_big_Dust_emitter,4,50,100,3,5,1200,1200,-360,360,true,true,-4,4,5,12,10,1,2,10,,,sc/effects.sc,dust_particle1,false,,200,10,400,100,
very_big_Hot_dust_emitter,2,100,200,,,150,250,,360,,true,,,0,0,10,0,0,,0,0,sc/effects.sc,hot_dust_particle,,true,300,33,100,,
bgr_test_emitter,15,8500,8500,70,120,3200,6400,0,360,,true,-1,1,1,3,10,100,200,-10,,,sc/effects.sc,dust_particle1,false,false,15,150,5500,,
bgr_test_trail_spark_emitter,15,8500,8500,50,50,500,750,0,360,true,,-1,1,1,3,,120,250,-20,,,sc/effects.sc,gen_hitfx_dot,true,,33,5,50,0,rocket_trail_spark_emitter_red
Green_hit,3,200,300,5,5,300,600,0,0,,true,0,1,15,120,0,50,500,-1200,,,sc/effects.sc,grass_straw_3,true,true,120,20,500,100,
,,,,,,,,,,,,,,,,,,,,,,sc/effects.sc,grass_straw_2,,,,,,,
,,,,,,,,,,,,,,,,,,,,,,,grass_straw_1,,,,,,,
Sharpie_emitter,1,2,2,1,5,1200,1200,0,360,true,true,0,0,1,1,5,5,15,10,,,sc/effects.sc,sharpie_fx,,true,45,45,50,500,
Sharpie_emitter_enemy,1,2,2,1,5,1200,1200,0,360,true,true,0,0,1,1,5,5,15,10,,,sc/effects.sc,sharpie_fx_red,,true,45,45,50,500,
MineRing_emitter_enemy,1,1,1,1,1,1300,1300,0,0,true,,0,0,0,0,0,0,0,0,,,sc/effects.sc,mine_range600_red,,,70,70,50,,
MineRing_emitter,1,1,1,1,1,1300,1300,0,0,true,,0,0,0,0,0,0,0,0,,,sc/effects.sc,mine_range600_blue,,,70,70,50,,
SpawnShield_emitter,1,1,1,1,1,4000,4000,180,180,true,,0,0,0,0,0,0,0,0,,,sc/effects.sc,spawnshield_fx,,true,100,100,50,,
gold_trail_emitter,15,100,200,100,150,600,800,0,360,true,true,1,3,30,40,20,30,40,-1500,,,sc/effects.sc,coin_asset,true,,50,50,200,0,
gold_no_hit_explosion,15,100,200,10,20,600,800,0,360,true,true,1,3,30,40,20,100,120,-1500,,,sc/effects.sc,coin_asset,true,,50,50,200,0,
gold_hit_explosion,15,100,200,10,20,600,800,0,360,true,true,1,3,40,60,20,120,160,-1500,,,sc/effects.sc,coin_asset,true,,50,50,200,0,
stunned_particle,5,800,800,200,250,500,700,,360,,true,5,7,0,0,100,,0,0,,,sc/effects.sc,sparkle_01,,,100,100,500,20,
crow_flame_trail_large_particle,30,30,10,20,20,700,900,0,360,true,true,0,0,10,20,,-3,3,35,500,500,sc/effects.sc,dynamike_spark,true,,120,20,800,0,
crow_flame_trail_small_particle,30,30,10,20,20,600,800,0,360,true,true,0,2,30,130,,-3,3,35,500,500,sc/effects.sc,dynamike_spark,true,,70,10,700,0,
flame_trail_particle,10,30,40,30,30,200,300,0,360,true,true,-1,1,10,70,,-3,3,35,500,500,sc/effects.sc,dynamike_spark,true,,100,20,100,0,
meteor_shards,10,30,40,0,0,500,2000,0,360,true,true,-2,2,50,200,33,600,1500,-7000,0,0,sc/effects.sc,meteor_shard_01,,true,120,30,150,20,
,,,,,,,,,,,,,,,,,,,,,,sc/effects.sc,meteor_shard_02,,,,,,,
,,,,,,,,,,,,,,,,,,,,,,sc/effects.sc,meteor_shard_03,,,,,,,
,,,,,,,,,,,,,,,,,,,,,,sc/effects.sc,meteor_shard_04,,,,,,,
power_up_bottle_sparkle_trail,10,1500,3000,100,300,1000,3000,-100,-60,true,true,5,8,10,30,-50,0,0,0,0,0,sc/effects.sc,sparkle_01,true,,50,10,500,0,
mushroom_particles,10,5000,5000,10,0,5000,5000,,360,,true,2,30,,,0,,0,0,,,sc/effects.sc,mushroom_growing_01,,,100,100,250,,
burning_particle_raid_boss,50,100,200,1,0,5500,6700,,360,,true,2,23,,,0,,0,0,,,sc/effects.sc,fire,,true,70,30,500,,
,,,,,,,,,,,,,,,,,,,,,,sc/effects.sc,fire_2,,,,,,,
,,,,,,,,,,,,,,,,,,,,,,sc/effects.sc,fire_3,,,,,,,
raidboss_skill_warning_short,1,2,2,1,5,750,750,0,360,true,true,0,0,1,1,5,5,15,10,,,sc/effects.sc,sharpie_fx_red,,true,60,60,50,500,
raidboss_skill_warning_medium,1,2,2,1,5,1000,1000,0,360,true,true,0,0,1,1,5,5,15,10,,,sc/effects.sc,sharpie_fx_red,,true,60,60,50,500,
raidboss_skill_warning_long,1,2,2,1,5,1250,1250,0,360,true,true,0,0,1,1,5,5,15,10,,,sc/effects.sc,sharpie_fx_red,,true,60,60,50,500,
burning_particle_wizard_ulti_blue,20,100,200,1,0,3800,3800,,360,,true,2,7,,,0,,0,0,,,sc/effects.sc,fire_blue_1,,true,50,30,500,,
,,,,,,,,,,,,,,,,,,,,,,sc/effects.sc,fire_blue_2,,,,,,,
,,,,,,,,,,,,,,,,,,,,,,sc/effects.sc,fire_blue_3,,,,,,,
burning_particle_wizard_ulti,20,100,200,1,0,3800,3800,,360,,true,2,7,,,0,,0,0,,,sc/effects.sc,fire,,true,50,30,500,,
,,,,,,,,,,,,,,,,,,,,,,sc/effects.sc,fire_2,,,,,,,
,,,,,,,,,,,,,,,,,,,,,,sc/effects.sc,fire_3,,,,,,,
burning_particle_wizard_blue,20,100,200,1,0,1900,1900,,360,,true,2,7,,,0,,0,0,,,sc/effects.sc,fire_blue_1,,true,50,30,500,,
,,,,,,,,,,,,,,,,,,,,,,sc/effects.sc,fire_blue_2,,,,,,,
,,,,,,,,,,,,,,,,,,,,,,sc/effects.sc,fire_blue_3,,,,,,,
burning_particle_wizard,20,100,200,1,0,1900,1900,,360,,true,2,7,,,0,,0,0,,,sc/effects.sc,fire,,true,50,30,500,,
,,,,,,,,,,,,,,,,,,,,,,sc/effects.sc,fire_2,,,,,,,
,,,,,,,,,,,,,,,,,,,,,,sc/effects.sc,fire_3,,,,,,,
Rock_hit_debris1_town,1,0,0,10,500,100,1000,-45,45,,true,-2,2,20,70,28,150,300,-2000,0,0,sc/effects.sc,stone_1_town,true,true,75,40,100,10,
,,,,,,,,,,,,,,,,,,,,,,sc/effects.sc,stone_2_town,,,,,,,
,,,,,,,,,,,,,,,,,,,,,,sc/effects.sc,stone_3_town,,,,,,,
Rock_explo_debris2_town,5,,,,,200,1000,0,360,,true,-3,3,20,100,0,1000,3000,-6000,0,0,sc/effects.sc,stone_1_town,,true,300,100,200,20,
,,,,,,,,,,,,,,,,,,,,,,sc/effects.sc,stone_2_town,,,,,,,
,,,,,,,,,,,,,,,,,,,,,,sc/effects.sc,stone_3_town,,,,,,,
