"Name","FileNames","MinVolume","MaxVolume","MinPitch","MaxPitch","Priority","MaximumByType","MaxRepeatMs","Loop","PlayVariationsInSequence","PlayVariationsInSequenceManualReset","StartDelayMinMs","StartDelayMaxMs","PlayOnlyWhenInView","MaxVolumeScaleLimit","NoSoundScaleLimit","PadEmpyToEndMs"
"string","string","int","int","int","int","int","int","int","boolean","boolean","boolean","int","int","boolean","int","int","int"
"ButtonClick2","sfx/menu_click_08.ogg",60,60,100,100,1,3,,,,,,,,,,
"Menu_goback","sfx/menu_go_back_01.ogg",55,55,100,100,1,3,,,,,,,,,,
"Menu_dismiss","sfx/menu_dismiss_01.ogg",40,40,100,100,1,3,,,,,,,,,,
"LaserShot01","sfx/laser_04.ogg",25,35,94,106,1,10,30,,,,,,,,,
"Orb_spawn","sfx/pickup_spawn_03.ogg",40,40,100,100,1,4,,,,,,,,,,
"Orb_get","sfx/get_pickup_06.ogg",45,45,100,100,1,4,,,,,,,,,,
"Orb_glow_loop","sfx/orb_glow_03.ogg",15,15,100,100,1,1,,"TRUE",,,,,,,,
"Sound_Gen_explosion","sfx/laser_explo_01.ogg",40,40,97,103,1,7,,,,,,,,,,
"Sound_TNT_explosion","sfx/tnt_ulti_01.ogg",60,60,97,103,1,7,,,,,,,,,,
"Sound_Gen_small_explosion","sfx/gen_small_explo_02.ogg",40,40,95,105,1,3,,,,,,,,,,
"TNT_reload","sfx/tnt_reload_03.ogg",50,50,98,102,1,3,,,,,,,,,,
"Sound_Blink","sfx/blink_01.ogg",60,60,98,102,1,3,,,,,,,,,,
"Sound_Heal","sfx/heal01.ogg",50,50,100,100,1,3,,,,,,,,,,
"Sound_Grenade","sfx/gr_launch02.ogg",50,50,95,105,1,3,,,,,,,,,,
"Skill_activated","sfx/skill_used_03.ogg",20,25,95,105,1,4,,,,,,,,,,
"Ulti_gain","sfx/ulti_gain_03.ogg",25,25,100,100,1,1,100,,,,,,,,,
"Ulti_ready","sfx/ulti_ready_01.ogg",60,60,100,100,1,1,,,,,,,,,,
"Laser_Count_15","sfx/countdown_01.ogg",60,60,75,75,1,5,,,,,,,,,,
"Laser_Count_14","sfx/countdown_01.ogg",60,60,79,79,1,5,,,,,,,,,,
"Laser_Count_13","sfx/countdown_01.ogg",60,60,84,84,1,5,,,,,,,,,,
"Laser_Count_12","sfx/countdown_01.ogg",60,60,89,89,1,5,,,,,,,,,,
"Laser_Count_11","sfx/countdown_01.ogg",60,60,94,94,1,5,,,,,,,,,,
"Laser_Count_10","sfx/countdown_01.ogg",60,60,100,100,1,5,,,,,,,,,,
"Laser_Count_9","sfx/countdown_01.ogg",60,60,106,106,1,5,,,,,,,,,,
"Laser_Count_8","sfx/countdown_01.ogg",60,60,112,112,1,5,,,,,,,,,,
"Laser_Count_7","sfx/countdown_01.ogg",60,60,119,119,1,5,,,,,,,,,,
"Laser_Count_6","sfx/countdown_01.ogg",60,60,126,128,1,5,,,,,,,,,,
"Laser_Count_5","sfx/countdown_01.ogg",60,60,133,133,1,5,,,,,,,,,,
"Laser_Count_4","sfx/countdown_01.ogg",60,60,141,141,1,5,,,,,,,,,,
"Laser_Count_3","sfx/countdown_01.ogg",60,60,150,150,1,5,,,,,,,,,,
"Laser_Count_2","sfx/countdown_01.ogg",60,60,159,159,1,5,,,,,,,,,,
"Laser_Count_1","sfx/countdown_01.ogg",60,60,168,168,1,5,,,,,,,,,,
"Laser_Count_0","sfx/countdown_01.ogg",60,60,178,178,1,5,,,,,,,,,,
"Low_health_1_loop","sfx/low_health_beep_03.ogg",20,20,100,100,1,1,,"TRUE",,,,,,,,
"Low_health_2_loop","sfx/low_health_beep_03.ogg",30,30,200,200,1,1,,"TRUE",,,,,,,,
"bandit_reload","sfx/bandit_reload_01.ogg",25,25,95,105,1,3,,,,,,,,,,
"gunslinger_fire","sfx/pistol_fire_01.ogg",15,30,95,105,1,20,50,,,,,,,,,
"gunslinger_fire_ulti","sfx/pistol_fire_ulti_01.ogg",20,30,105,115,1,20,50,,,,,,,,,
"explosion_rocket_rose","sfx/rose_rocket_explo_01.ogg",25,35,95,105,1,10,,,,,,,,,,
"explosion_rocket_rose_ulti","sfx/rose_rocket_ulti_explo_01.ogg",30,40,95,105,1,10,,,,,,,,,,
"tnt_attack","sfx/dynamike_throw_01.ogg",40,50,95,105,1,4,,,,,,,,,,
"tnt_attack_ulti","sfx/dynamike_throw_02.ogg",50,60,95,105,1,4,,,,,,,,,,
"No_ammo_shotgungirl","sfx/sgg_out_of_ammo_02.ogg",60,60,100,100,1,3,,,,,,,,,,
"Dry_fire_shotgungirl","sfx/sgg_dryfire_01.ogg",60,60,95,105,1,3,,,,,,,,,,
"Rhinocharge","sfx/dummy.ogg",1,1,98,102,1,5,,,,,,,,,,
"Rhinofire","sfx/rhino_fire_01.ogg",40,45,95,105,1,10,,,,,,,,,,
"Rhinostep","sfx/rhinostep_01.ogg",35,50,92,108,1,8,,,,,,,,,,
"Robotfire","sfx/rocket_rose_atk_02.ogg",30,40,95,105,1,8,,,,,,,,,,
"Rocketgirlspecial","sfx/flowerrocket_01.ogg",55,55,95,105,1,8,,,,,,,,,,
"Roboturret","sfx/roboturret01.ogg",60,60,98,102,1,4,,,,,,,,,,
"Robocon","sfx/robocon_01.ogg",60,60,98,102,1,3,,,,,,,,,,
"Timedgrenade","sfx/solgrenade01.ogg",60,70,96,104,1,4,,,,,,,,,,
"Shotgun","sfx/shotgun_fire_01.ogg",45,55,95,105,1,8,,,,,,,,,,
"Utilshotgun","sfx/bigshotgun01.ogg",65,70,97,103,1,8,,,,,,,,,,
"Utilshotgun_Vo","sfx/shelly_ulti_01.ogg",30,40,98,102,1,1,,,,,,,,,,
,"sfx/shelly_ulti_02.ogg",30,40,98,102,1,1,,,,,,,,,,
,"sfx/shelly_ulti_03.ogg",30,40,98,102,1,1,,,,,,,,,,
,"sfx/shelly_ulti_04.ogg",30,40,98,102,1,1,,,,,,,,,,
"ShellyTakedamge_Vo","sfx/shelly_hurt_01.ogg",45,50,98,102,1,1,3000,,,,,,,,,
,"sfx/shelly_hurt_02.ogg",45,50,98,102,1,1,3000,,,,,,,,,
,"sfx/shelly_hurt_03.ogg",45,50,98,102,1,1,3000,,,,,,,,,
,"sfx/shelly_hurt_04.ogg",45,50,98,102,1,1,3000,,,,,,,,,
,"sfx/shelly_hurt_05.ogg",45,50,98,102,1,1,3000,,,,,,,,,
"Shelly_Die","sfx/shelly_die_01.ogg",45,50,98,102,1,1,,,,,,,,,,
,"sfx/shelly_die_02.ogg",45,50,98,102,1,1,,,,,,,,,,
,"sfx/shelly_die_03.ogg",45,50,98,102,1,1,,,,,,,,,,
,"sfx/shelly_die_04.ogg",45,50,98,102,1,1,,,,,,,,,,
"Shelly_Kill","sfx/shelly_kill_01.ogg",45,50,98,102,1,1,15000,,,,,,,,,
,"sfx/shelly_kill_02.ogg",45,50,98,102,1,1,15000,,,,,,,,,
,"sfx/shelly_kill_03.ogg",45,50,98,102,1,1,15000,,,,,,,,,
,"sfx/shelly_kill_04.ogg",45,50,98,102,1,1,15000,,,,,,,,,
,"sfx/shelly_kill_05.ogg",45,50,98,102,1,1,15000,,,,,,,,,
"Shelly_Lead","sfx/shelly_lead_01.ogg",45,50,98,102,1,1,20000,,,,,,,,,
,"sfx/shelly_lead_02.ogg",45,50,98,102,1,1,20000,,,,,,,,,
,"sfx/shelly_lead_03.ogg",45,50,98,102,1,1,20000,,,,,,,,,
,"sfx/shelly_lead_04.ogg",45,50,98,102,1,1,20000,,,,,,,,,
"Shelly_Start","sfx/shelly_start_01.ogg",45,50,98,102,1,1,,,,,,,,,,
,"sfx/shelly_start_02.ogg",45,50,98,102,1,1,,,,,,,,,,
,"sfx/shelly_start_03.ogg",45,50,98,102,1,1,,,,,,,,,,
,"sfx/shelly_start_04.ogg",45,50,98,102,1,1,,,,,,,,,,
"Jess_ulti","sfx/jess_ulti_01.ogg",45,50,98,102,1,1,,,,,,,,,,
,"sfx/jess_ulti_02.ogg",45,50,98,102,1,1,,,,,,,,,,
,"sfx/jess_ulti_03.ogg",45,50,98,102,1,1,,,,,,,,,,
,"sfx/jess_ulti_04.ogg",45,50,98,102,1,1,,,,,,,,,,
,"sfx/jess_ulti_05.ogg",45,50,98,102,1,1,,,,,,,,,,
,"sfx/jess_ulti_06.ogg",45,50,98,102,1,1,,,,,,,,,,
"Bull_takedamage_vo","sfx/bull_hurt_vo_01.ogg",40,50,98,102,1,1,3000,,,,,,,,,
,"sfx/bull_hurt_vo_02.ogg",40,50,98,102,1,1,3000,,,,,,,,,
,"sfx/bull_hurt_vo_03.ogg",40,50,98,102,1,1,3000,,,,,,,,,
,"sfx/bull_hurt_vo_04.ogg",40,50,98,102,1,1,3000,,,,,,,,,
,"sfx/bull_hurt_vo_05.ogg",40,50,98,102,1,1,3000,,,,,,,,,
"Bull_die","sfx/bull_die_vo_01.ogg",40,50,98,102,1,1,,,,,,,,,,
,"sfx/bull_die_vo_02.ogg",40,50,98,102,1,1,,,,,,,,,,
,"sfx/bull_die_vo_03.ogg",40,50,98,102,1,1,,,,,,,,,,
,"sfx/bull_die_vo_04.ogg",40,50,98,102,1,1,,,,,,,,,,
"Bull_kill","sfx/bull_kill_vo_01.ogg",40,50,98,102,1,1,15000,,,,,,,,,
,"sfx/bull_kill_vo_02.ogg",40,50,98,102,1,1,15000,,,,,,,,,
,"sfx/bull_kill_vo_03.ogg",40,50,98,102,1,1,15000,,,,,,,,,
,"sfx/bull_kill_vo_04.ogg",40,50,98,102,1,1,15000,,,,,,,,,
"Bull_lead","sfx/bull_lead_vo_01.ogg",40,50,98,102,1,1,20000,,,,,,,,,
,"sfx/bull_lead_vo_02.ogg",40,50,98,102,1,1,20000,,,,,,,,,
,"sfx/bull_lead_vo_03.ogg",40,50,98,102,1,1,20000,,,,,,,,,
,"sfx/bull_lead_vo_04.ogg",40,50,98,102,1,1,20000,,,,,,,,,
"Bull_start","sfx/bull_start_vo_01.ogg",40,50,98,102,1,1,,,,,,,,,,
,"sfx/bull_start_vo_02.ogg",40,50,98,102,1,1,,,,,,,,,,
,"sfx/bull_start_vo_03.ogg",40,50,98,102,1,1,,,,,,,,,,
"Bull_ulti","sfx/bull_ulti_vo_01.ogg",40,50,98,102,1,1,,,,,,,,,,
,"sfx/bull_ulti_vo_02.ogg",40,50,98,102,1,1,,,,,,,,,,
,"sfx/bull_ulti_vo_03.ogg",40,50,98,102,1,1,,,,,,,,,,
,"sfx/bull_ulti_vo_04.ogg",40,50,98,102,1,1,,,,,,,,,,
"Brock_start_vo","sfx/brock_start_vo_01.ogg",45,50,98,102,1,1,,,,,,,,,,
,"sfx/brock_start_vo_02.ogg",45,50,98,102,1,1,,,,,,,,,,
,"sfx/brock_start_vo_03.ogg",45,50,98,102,1,1,,,,,,,,,,
,"sfx/brock_start_vo_04.ogg",45,50,98,102,1,1,,,,,,,,,,
,"sfx/brock_start_vo_05.ogg",45,50,98,102,1,1,,,,,,,,,,
,"sfx/brock_start_vo_06.ogg",45,50,98,102,1,1,,,,,,,,,,
,"sfx/brock_start_vo_07.ogg",45,50,98,102,1,1,,,,,,,,,,
"Brock_die_vo","sfx/brock_death_01.ogg",45,50,98,102,1,1,,,,,,,,,,
,"sfx/brock_death_02.ogg",45,50,98,102,1,1,,,,,,,,,,
,"sfx/brock_death_03.ogg",45,50,98,102,1,1,,,,,,,,,,
,"sfx/brock_death_04.ogg",45,50,98,102,1,1,,,,,,,,,,
"Brock_hurt_vo","sfx/brock_hurt_01.ogg",45,50,98,102,1,1,5000,,,,,,,,,
,"sfx/brock_hurt_02.ogg",45,50,98,102,1,1,5000,,,,,,,,,
,"sfx/brock_hurt_03.ogg",45,50,98,102,1,1,5000,,,,,,,,,
,"sfx/brock_hurt_04.ogg",45,50,98,102,1,1,5000,,,,,,,,,
,"sfx/brock_hurt_05.ogg",45,50,98,102,1,1,5000,,,,,,,,,
"Brock_kill_vo","sfx/brock_kill_vo_01.ogg",45,50,98,102,1,1,15000,,,,,,,,,
,"sfx/brock_kill_vo_02.ogg",45,50,98,102,1,1,15000,,,,,,,,,
,"sfx/brock_kill_vo_03.ogg",45,50,98,102,1,1,15000,,,,,,,,,
,"sfx/brock_kill_vo_04.ogg",45,50,98,102,1,1,15000,,,,,,,,,
"Brock_lead_vo","sfx/brock_lead_vo_01.ogg",45,50,98,102,1,1,20000,,,,,,,,,
,"sfx/brock_lead_vo_02.ogg",45,50,98,102,1,1,20000,,,,,,,,,
,"sfx/brock_lead_vo_03.ogg",45,50,98,102,1,1,20000,,,,,,,,,
,"sfx/brock_lead_vo_04.ogg",45,50,98,102,1,1,20000,,,,,,,,,
,"sfx/brock_lead_vo_05.ogg",45,50,98,102,1,1,20000,,,,,,,,,
,"sfx/brock_lead_vo_06.ogg",45,50,98,102,1,1,20000,,,,,,,,,
"Brock_ulti_vo","sfx/brock_ulti_vo_01.ogg",45,50,98,102,1,1,,,,,,,,,,
,"sfx/brock_ulti_vo_02.ogg",45,50,98,102,1,1,,,,,,,,,,
,"sfx/brock_ulti_vo_03.ogg",45,50,98,102,1,1,,,,,,,,,,
,"sfx/brock_ulti_vo_04.ogg",45,50,98,102,1,1,,,,,,,,,,
,"sfx/brock_ulti_vo_05.ogg",45,50,98,102,1,1,,,,,,,,,,
"Jess_takedamage","sfx/jess_hurt_01.ogg",45,50,98,102,1,1,3000,,,,,,,,,
,"sfx/jess_hurt_02.ogg",45,50,98,102,1,1,3000,,,,,,,,,
,"sfx/jess_hurt_03.ogg",45,50,98,102,1,1,3000,,,,,,,,,
,"sfx/jess_hurt_04.ogg",45,50,98,102,1,1,3000,,,,,,,,,
,"sfx/jess_hurt_05.ogg",45,50,98,102,1,1,3000,,,,,,,,,
,"sfx/jess_hurt_06.ogg",45,50,98,102,1,1,3000,,,,,,,,,
"Jess_die","sfx/jess_die_01.ogg",45,50,98,102,1,1,,,,,,,,,,
,"sfx/jess_die_02.ogg",45,50,98,102,1,1,,,,,,,,,,
,"sfx/jess_die_03.ogg",45,50,98,102,1,1,,,,,,,,,,
,"sfx/jess_die_04.ogg",45,50,98,102,1,1,,,,,,,,,,
"Jess_kill","sfx/jess_kill_01.ogg",45,50,98,102,1,1,15000,,,,,,,,,
,"sfx/jess_kill_02.ogg",45,50,98,102,1,1,15000,,,,,,,,,
,"sfx/jess_kill_03.ogg",45,50,98,102,1,1,15000,,,,,,,,,
,"sfx/jess_kill_04.ogg",45,50,98,102,1,1,15000,,,,,,,,,
,"sfx/jess_kill_05.ogg",45,50,98,102,1,1,15000,,,,,,,,,
,"sfx/jess_kill_06.ogg",45,50,98,102,1,1,15000,,,,,,,,,
,"sfx/jess_kill_07.ogg",45,50,98,102,1,1,15000,,,,,,,,,
"Jess_lead","sfx/jess_lead_01.ogg",45,50,98,102,1,1,20000,,,,,,,,,
,"sfx/jess_lead_02.ogg",45,50,98,102,1,1,20000,,,,,,,,,
,"sfx/jess_lead_03.ogg",45,50,98,102,1,1,20000,,,,,,,,,
,"sfx/jess_lead_04.ogg",45,50,98,102,1,1,20000,,,,,,,,,
,"sfx/jess_lead_05.ogg",45,50,98,102,1,1,20000,,,,,,,,,
"Jess_start","sfx/jess_start_vo_01.ogg",45,50,98,102,1,1,,,,,,,,,,
,"sfx/jess_start_vo_02.ogg",45,50,98,102,1,1,,,,,,,,,,
,"sfx/jess_start_vo_03.ogg",45,50,98,102,1,1,,,,,,,,,,
,"sfx/jess_start_vo_04.ogg",45,50,98,102,1,1,,,,,,,,,,
,"sfx/jess_start_vo_05.ogg",45,50,98,102,1,1,,,,,,,,,,
"Hotshot_Takedamge_Vo","sfx/hotshot_hurt_01.ogg",45,50,98,102,1,1,3000,,,,,,,,,
,"sfx/hotshot_hurt_02.ogg",45,50,98,102,1,1,3000,,,,,,,,,
,"sfx/hotshot_hurt_03.ogg",45,50,98,102,1,1,3000,,,,,,,,,
,"sfx/hotshot_hurt_04.ogg",45,50,98,102,1,1,3000,,,,,,,,,
,"sfx/hotshot_hurt_05.ogg",45,50,98,102,1,1,3000,,,,,,,,,
,"sfx/hotshot_hurt_06.ogg",45,50,98,102,1,1,3000,,,,,,,,,
,"sfx/hotshot_hurt_07.ogg",45,50,98,102,1,1,3000,,,,,,,,,
,"sfx/hotshot_hurt_08.ogg",45,50,98,102,1,1,3000,,,,,,,,,
"Hotshot_Die","sfx/hotshot_die_01.ogg",45,50,98,102,1,1,,,,,,,,,,
,"sfx/hotshot_die_02.ogg",45,50,98,102,1,1,,,,,,,,,,
,"sfx/hotshot_die_03.ogg",45,50,98,102,1,1,,,,,,,,,,
,"sfx/hotshot_die_04.ogg",45,50,98,102,1,1,,,,,,,,,,
"Hotshot_Kill","sfx/hotshot_kill_01.ogg",45,50,98,102,1,1,15000,,,,,,,,,
,"sfx/hotshot_kill_02.ogg",45,50,98,102,1,1,15000,,,,,,,,,
,"sfx/hotshot_kill_03.ogg",45,50,98,102,1,1,15000,,,,,,,,,
,"sfx/hotshot_kill_04.ogg",45,50,98,102,1,1,15000,,,,,,,,,
,"sfx/hotshot_kill_05.ogg",45,50,98,102,1,1,15000,,,,,,,,,
,"sfx/hotshot_kill_06.ogg",45,50,98,102,1,1,15000,,,,,,,,,
,"sfx/hotshot_kill_07.ogg",45,50,98,102,1,1,15000,,,,,,,,,
"Hotshot_Lead","sfx/hotshot_lead_01.ogg",45,50,98,102,1,1,20000,,,,,,,,,
,"sfx/hotshot_lead_02.ogg",45,50,98,102,1,1,20000,,,,,,,,,
,"sfx/hotshot_lead_03.ogg",45,50,98,102,1,1,20000,,,,,,,,,
,"sfx/hotshot_lead_04.ogg",45,50,98,102,1,1,20000,,,,,,,,,
,"sfx/hotshot_lead_05.ogg",45,50,98,102,1,1,20000,,,,,,,,,
"Hotshot_Start","sfx/hotshot_start_01.ogg",45,50,98,102,1,1,,,,,,,,,,
,"sfx/hotshot_start_02.ogg",45,50,98,102,1,1,,,,,,,,,,
,"sfx/hotshot_start_03.ogg",45,50,98,102,1,1,,,,,,,,,,
,"sfx/hotshot_start_04.ogg",45,50,98,102,1,1,,,,,,,,,,
"Hotshot_Ulti","sfx/hotshot_ulti_01.ogg",45,50,98,102,1,1,10000,,,,,,,,,
,"sfx/hotshot_ulti_02.ogg",45,50,98,102,1,1,10000,,,,,,,,,
,"sfx/hotshot_ulti_03.ogg",45,50,98,102,1,1,10000,,,,,,,,,
,"sfx/hotshot_ulti_04.ogg",45,50,98,102,1,1,10000,,,,,,,,,
"Piper_Takedamage","sfx/piper_hurt_01.ogg",35,45,98,102,1,1,3000,,,,,,,,,
,"sfx/piper_hurt_02.ogg",35,45,98,102,1,1,3000,,,,,,,,,
,"sfx/piper_hurt_03.ogg",35,45,98,102,1,1,3000,,,,,,,,,
,"sfx/piper_hurt_04.ogg",35,45,98,102,1,1,3000,,,,,,,,,
,"sfx/piper_hurt_05.ogg",35,45,98,102,1,1,3000,,,,,,,,,
,"sfx/piper_hurt_06.ogg",35,45,98,102,1,1,3000,,,,,,,,,
"Piper_Die","sfx/piper_die_01.ogg",35,45,98,102,1,1,,,,,,,,,,
,"sfx/piper_die_02.ogg",35,45,98,102,1,1,,,,,,,,,,
,"sfx/piper_die_03.ogg",35,45,98,102,1,1,,,,,,,,,,
"Piper_Kill","sfx/piper_kill_01.ogg",35,45,98,102,1,1,15000,,,,,,,,,
,"sfx/piper_kill_02.ogg",35,45,98,102,1,1,15000,,,,,,,,,
,"sfx/piper_kill_03.ogg",35,45,98,102,1,1,15000,,,,,,,,,
,"sfx/piper_kill_04.ogg",35,45,98,102,1,1,15000,,,,,,,,,
"Piper_Lead","sfx/piper_lead_01.ogg",35,45,98,102,1,1,20000,,,,,,,,,
,"sfx/piper_lead_02.ogg",35,45,98,102,1,1,20000,,,,,,,,,
,"sfx/piper_lead_03.ogg",35,45,98,102,1,1,20000,,,,,,,,,
"Piper_Start","sfx/piper_start_01.ogg",35,45,98,102,1,1,,,,,,,,,,
,"sfx/piper_start_02.ogg",35,45,98,102,1,1,,,,,,,,,,
,"sfx/piper_start_03.ogg",35,45,98,102,1,1,,,,,,,,,,
,"sfx/piper_start_04.ogg",35,45,98,102,1,1,,,,,,,,,,
"Piper_Ulti","sfx/piper_ulti_01.ogg",50,60,98,102,1,1,10000,,,,,,,,,
,"sfx/piper_ulti_02.ogg",50,60,98,102,1,1,10000,,,,,,,,,
"Barley_Hurt","sfx/barley_hurt_01.ogg",45,50,98,102,1,1,3000,,,,,,,,,
,"sfx/barley_hurt_02.ogg",45,50,98,102,1,1,3000,,,,,,,,,
,"sfx/barley_hurt_03.ogg",45,50,98,102,1,1,3000,,,,,,,,,
,"sfx/barley_hurt_04.ogg",45,50,98,102,1,1,3000,,,,,,,,,
"Barley_Die","sfx/barley_die_01.ogg",45,50,98,102,1,1,,,,,,,,,,
,"sfx/barley_die_02.ogg",45,50,98,102,1,1,,,,,,,,,,
"Barley_Kill","sfx/barley_kill_01.ogg",45,50,98,102,1,1,15000,,,,,,,,,
,"sfx/barley_kill_02.ogg",45,50,98,102,1,1,15000,,,,,,,,,
,"sfx/barley_kill_03.ogg",45,50,98,102,1,1,15000,,,,,,,,,
,"sfx/barley_kill_04.ogg",45,50,98,102,1,1,15000,,,,,,,,,
"Barley_Lead","sfx/barley_lead_01.ogg",45,50,98,102,1,1,20000,,,,,,,,,
"Barley_Start","sfx/barley_start_01.ogg",45,50,98,102,1,1,,,,,,,,,,
,"sfx/barley_start_02.ogg",45,50,98,102,1,1,,,,,,,,,,
,"sfx/barley_start_03.ogg",45,50,98,102,1,1,,,,,,,,,,
,"sfx/barley_start_04.ogg",45,50,98,102,1,1,,,,,,,,,,
"Barley_Ulti","sfx/barley_ulti_01.ogg",45,50,98,102,1,1,10000,,,,,,,,,
,"sfx/barley_ulti_02.ogg",45,50,98,102,1,1,10000,,,,,,,,,
"Barley_throw","sfx/barley_throw_01.ogg",35,45,98,102,1,1,15000,,,,,,,,,
,"sfx/barley_throw_02.ogg",35,45,98,102,1,1,15000,,,,,,,,,
"Rick_start","sfx/rick_start_vo_01.ogg",45,50,98,102,1,1,10000,,,,,,,,,
,"sfx/rick_start_vo_02.ogg",45,50,98,102,1,1,,,,,,,,,,
,"sfx/rick_start_vo_03.ogg",45,50,98,102,1,1,,,,,,,,,,
,"sfx/rick_start_vo_04.ogg",45,50,98,102,1,1,,,,,,,,,,
,"sfx/rick_start_vo_05.ogg",45,50,98,102,1,1,,,,,,,,,,
,"sfx/rick_start_vo_06.ogg",45,50,98,102,1,1,,,,,,,,,,
"Rick_kill","sfx/rick_kill_vo_01.ogg",40,50,98,102,1,1,15000,,,,,,,,,
,"sfx/rick_kill_vo_02.ogg",40,50,98,102,1,1,15000,,,,,,,,,
,"sfx/rick_kill_vo_03.ogg",40,50,98,102,1,1,15000,,,,,,,,,
,"sfx/rick_kill_vo_04.ogg",40,50,98,102,1,1,15000,,,,,,,,,
,"sfx/rick_kill_vo_05.ogg",40,50,98,102,1,1,15000,,,,,,,,,
,"sfx/rick_kill_vo_06.ogg",40,50,98,102,1,1,15000,,,,,,,,,
,"sfx/rick_kill_vo_07.ogg",40,50,98,102,1,1,15000,,,,,,,,,
"Rick_hurt","sfx/rick_hurt_01.ogg",40,50,98,102,1,1,10000,,,,,,,,,
,"sfx/rick_hurt_02.ogg",40,50,98,102,1,1,10000,,,,,,,,,
,"sfx/rick_hurt_03.ogg",40,50,98,102,1,1,10000,,,,,,,,,
,"sfx/rick_hurt_04.ogg",40,50,98,102,1,1,10000,,,,,,,,,
,"sfx/rick_hurt_05.ogg",40,50,98,102,1,1,10000,,,,,,,,,
"Rick_ulti","sfx/rick_ulti_01.ogg",40,50,98,102,1,1,10000,,,,,,,,,
,"sfx/rick_ulti_02.ogg",40,50,98,102,1,1,10000,,,,,,,,,
,"sfx/rick_ulti_03.ogg",40,50,98,102,1,1,10000,,,,,,,,,
,"sfx/rick_ulti_04.ogg",40,50,98,102,1,1,10000,,,,,,,,,
,"sfx/rick_ulti_05.ogg",40,50,98,102,1,1,10000,,,,,,,,,
,"sfx/rick_ulti_06.ogg",40,50,98,102,1,1,10000,,,,,,,,,
"Rick_lead","sfx/rick_lead_01.ogg",40,50,98,102,1,1,20000,,,,,,,,,
,"sfx/rick_lead_02.ogg",40,50,98,102,1,1,20000,,,,,,,,,
,"sfx/rick_lead_03.ogg",40,50,98,102,1,1,20000,,,,,,,,,
,"sfx/rick_lead_04.ogg",40,50,98,102,1,1,20000,,,,,,,,,
,"sfx/rick_lead_05.ogg",40,50,98,102,1,1,20000,,,,,,,,,
"Rick_die","sfx/rick_die_01.ogg",40,50,98,102,1,1,15000,,,,,,,,,
,"sfx/rick_die_02.ogg",40,50,98,102,1,1,15000,,,,,,,,,
,"sfx/rick_die_03.ogg",40,50,98,102,1,1,15000,,,,,,,,,
,"sfx/rick_die_04.ogg",40,50,98,102,1,1,15000,,,,,,,,,
,"sfx/rick_die_05.ogg",40,50,98,102,1,1,15000,,,,,,,,,
"El_primo_start","sfx/el_primo_start_vo_01.ogg",45,50,98,102,1,1,,,,,,,,,,
,"sfx/el_primo_start_vo_02.ogg",45,50,98,102,1,1,,,,,,,,,,
,"sfx/el_primo_start_vo_03.ogg",45,50,98,102,1,1,,,,,,,,,,
,"sfx/el_primo_start_vo_04.ogg",45,50,98,102,1,1,,,,,,,,,,
,"sfx/el_primo_start_vo_05.ogg",45,50,98,102,1,1,,,,,,,,,,
,"sfx/el_primo_start_vo_06.ogg",45,50,98,102,1,1,,,,,,,,,,
,"sfx/el_primo_start_vo_07.ogg",45,50,98,102,1,1,,,,,,,,,,
"El_primo_kill","sfx/el_primo_kill_01.ogg",45,50,98,102,1,1,15000,,,,,,,,,
,"sfx/el_primo_kill_02.ogg",45,50,98,102,1,1,15000,,,,,,,,,
,"sfx/el_primo_kill_03.ogg",45,50,98,102,1,1,15000,,,,,,,,,
"El_primo_hurt","sfx/el_primo_hurt_01.ogg",45,50,98,102,1,1,10000,,,,,,,,,
,"sfx/el_primo_hurt_02.ogg",45,50,98,102,1,1,10000,,,,,,,,,
,"sfx/el_primo_hurt_03.ogg",45,50,98,102,1,1,10000,,,,,,,,,
,"sfx/el_primo_hurt_04.ogg",45,50,98,102,1,1,10000,,,,,,,,,
"El_primo_lead","sfx/el_primo_lead_01.ogg",45,50,98,102,1,1,20000,,,,,,,,,
,"sfx/el_primo_lead_02.ogg",45,50,98,102,1,1,20000,,,,,,,,,
,"sfx/el_primo_lead_03.ogg",45,50,98,102,1,1,20000,,,,,,,,,
"El_primo_die","sfx/el_primo_death_01.ogg",50,60,98,102,1,1,15000,,,,,,,,,
,"sfx/el_primo_death_02.ogg",50,60,98,102,1,1,15000,,,,,,,,,
,"sfx/el_primo_death_03.ogg",50,60,98,102,1,1,15000,,,,,,,,,
,"sfx/el_primo_death_04.ogg",50,60,98,102,1,1,15000,,,,,,,,,
"El_primo_ulti","sfx/el_primo_ulti_01.ogg",50,55,98,102,1,1,,,,,,,,,,
"El_primo_ulti_land","sfx/el_primo_ulti_02.ogg",50,55,98,102,1,1,,,,,,,,,,
"El_primo_atk","sfx/el_primo_atk_01.ogg",40,50,98,102,1,1,10000,,,,,,,,,
,"sfx/el_primo_atk_02.ogg",40,50,98,102,1,1,10000,,,,,,,,,
,"sfx/el_primo_atk_03.ogg",40,50,98,102,1,1,10000,,,,,,,,,
,"sfx/el_primo_atk_04.ogg",40,50,98,102,1,1,10000,,,,,,,,,
,"sfx/el_primo_atk_05.ogg",40,50,98,102,1,1,10000,,,,,,,,,
"Crow_Takedamage","sfx/crow_get_hit_01.ogg",45,50,98,102,1,1,3000,,,,,,,,,
,"sfx/crow_get_hit_02.ogg",45,50,98,102,1,1,3000,,,,,,,,,
,"sfx/crow_get_hit_03.ogg",45,50,98,102,1,1,3000,,,,,,,,,
,"sfx/crow_get_hit_04.ogg",45,50,98,102,1,1,3000,,,,,,,,,
,"sfx/crow_get_hit_05.ogg",45,50,98,102,1,1,3000,,,,,,,,,
,"sfx/crow_get_hit_06.ogg",45,50,98,102,1,1,3000,,,,,,,,,
"Crow_Die","sfx/crow_dies_01.ogg",45,50,98,102,1,1,,,,,,,,,,
"Crow_Kill","sfx/crow_kills_01.ogg",45,50,98,102,1,1,15000,,,,,,,,,
,"sfx/crow_kills_02.ogg",45,50,98,102,1,1,15000,,,,,,,,,
,"sfx/crow_kills_03.ogg",45,50,98,102,1,1,15000,,,,,,,,,
"Crow_Lead","sfx/crow_lead_01.ogg",45,50,98,102,1,1,20000,,,,,,,,,
,"sfx/crow_lead_02.ogg",45,50,98,102,1,1,20000,,,,,,,,,
"Crow_Start","sfx/crow_start_01.ogg",45,50,98,102,1,1,,,,,,,,,,
,"sfx/crow_start_02.ogg",45,50,98,102,1,1,,,,,,,,,,
,"sfx/crow_start_03.ogg",45,50,98,102,1,1,,,,,,,,,,
"Crow_Ulti","sfx/crow_ulti_01.ogg",45,50,98,102,1,1,10000,,,,,,,,,
"RoboCrow_Takedamage","sfx/mech_crow_get_hit_01.ogg",45,50,100,100,1,1,3000,,,,,,,,,
,"sfx/mech_crow_get_hit_02.ogg",45,50,100,100,1,1,3000,,,,,,,,,
,"sfx/mech_crow_get_hit_03.ogg",45,50,100,100,1,1,3000,,,,,,,,,
,"sfx/mech_crow_get_hit_04.ogg",45,50,100,100,1,1,3000,,,,,,,,,
,"sfx/mech_crow_get_hit_05.ogg",45,50,100,100,1,1,3000,,,,,,,,,
,"sfx/mech_crow_get_hit_06.ogg",45,50,100,100,1,1,3000,,,,,,,,,
"RoboCrow_Die","sfx/mech_crow_dies_01.ogg",45,50,100,100,1,1,,,,,,,,,,
"RoboCrow_Kill","sfx/mech_crow_kills_01.ogg",45,50,100,100,1,1,15000,,,,,,,,,
,"sfx/mech_crow_kills_02.ogg",45,50,100,100,1,1,15000,,,,,,,,,
,"sfx/mech_crow_kills_03.ogg",45,50,100,100,1,1,15000,,,,,,,,,
"RoboCrow_Lead","sfx/mech_crow_lead_01.ogg",45,50,100,100,1,1,20000,,,,,,,,,
,"sfx/mech_crow_lead_02.ogg",45,50,100,100,1,1,20000,,,,,,,,,
"RoboCrow_Start","sfx/mech_crow_start_01.ogg",45,50,100,100,1,1,,,,,,,,,,
,"sfx/mech_crow_start_02.ogg",45,50,100,100,1,1,,,,,,,,,,
,"sfx/mech_crow_start_03.ogg",45,50,100,100,1,1,,,,,,,,,,
"RoboCrow_Ulti_vo","sfx/mech_crow_ulti_vo_01.ogg",45,50,100,100,1,1,10000,,,,,,,,,
"Penny_takedamage","sfx/penny_hurt_vo_01.ogg",45,50,98,102,1,1,3000,,,,,,,,,
,"sfx/penny_hurt_vo_02.ogg",45,50,98,102,1,1,3000,,,,,,,,,
,"sfx/penny_hurt_vo_03.ogg",45,50,98,102,1,1,3000,,,,,,,,,
"Penny_die","sfx/penny_die_vo_01.ogg",45,50,98,102,1,1,,,,,,,,,,
,"sfx/penny_die_vo_02.ogg",45,50,98,102,1,1,,,,,,,,,,
,"sfx/penny_die_vo_03.ogg",45,50,98,102,1,1,,,,,,,,,,
"Penny_kill","sfx/penny_kill_vo_01.ogg",45,50,98,102,1,1,15000,,,,,,,,,
,"sfx/penny_kill_vo_02.ogg",45,50,98,102,1,1,15000,,,,,,,,,
,"sfx/penny_kill_vo_03.ogg",45,50,98,102,1,1,15000,,,,,,,,,
,"sfx/penny_kill_vo_04.ogg",45,50,98,102,1,1,15000,,,,,,,,,
,"sfx/penny_kill_vo_05.ogg",45,50,98,102,1,1,15000,,,,,,,,,
"Penny_start","sfx/penny_start_vo_01.ogg",45,50,98,102,1,1,,,,,,,,,,
,"sfx/penny_start_vo_02.ogg",45,50,98,102,1,1,,,,,,,,,,
,"sfx/penny_start_vo_03.ogg",45,50,98,102,1,1,,,,,,,,,,
"Penny_ulti","sfx/penny_ulti_vo_01.ogg",45,50,98,102,1,1,10000,,,,,,,,,
,"sfx/penny_ulti_vo_02.ogg",45,50,98,102,1,1,10000,,,,,,,,,
,"sfx/penny_ulti_vo_03.ogg",45,50,98,102,1,1,10000,,,,,,,,,
"Penny_lead","sfx/penny_lead_vo_01.ogg",45,50,98,102,1,1,20000,,,,,,,,,
,"sfx/penny_lead_vo_02.ogg",45,50,98,102,1,1,20000,,,,,,,,,
,"sfx/penny_lead_vo_03.ogg",45,50,98,102,1,1,20000,,,,,,,,,
"Poco_start","sfx/poco_start_01.ogg",45,50,98,102,1,1,,,,,,,,,,
,"sfx/poco_start_02.ogg",45,50,98,102,1,1,,,,,,,,,,
,"sfx/poco_start_03.ogg",45,50,98,102,1,1,,,,,,,,,,
,"sfx/poco_start_04.ogg",45,50,98,102,1,1,,,,,,,,,,
"Poco_hurt","sfx/poco_hurt_01.ogg",45,50,98,102,1,1,10000,,,,,,,,,
,"sfx/poco_hurt_02.ogg",45,50,98,102,1,1,10000,,,,,,,,,
,"sfx/poco_hurt_03.ogg",45,50,98,102,1,1,10000,,,,,,,,,
,"sfx/poco_hurt_04.ogg",45,50,98,102,1,1,10000,,,,,,,,,
"Poco_kill","sfx/poco_kill_01.ogg",45,50,98,102,1,1,15000,,,,,,,,,
,"sfx/poco_kill_02.ogg",45,50,98,102,1,1,15000,,,,,,,,,
,"sfx/poco_kill_03.ogg",45,50,98,102,1,1,15000,,,,,,,,,
"Poco_die","sfx/poco_die_01.ogg",45,50,98,102,1,1,,,,,,,,,,
,"sfx/poco_die_02.ogg",45,50,98,102,1,1,,,,,,,,,,
,"sfx/poco_die_03.ogg",45,50,98,102,1,1,,,,,,,,,,
"Poco_ulti_vo","sfx/poco_ulti_01.ogg",45,50,98,102,1,1,15000,,,,,,,,,
,"sfx/poco_ulti_02.ogg",45,50,98,102,1,1,15000,,,,,,,,,
,"sfx/poco_ulti_03.ogg",45,50,98,102,1,1,15000,,,,,,,,,
,"sfx/poco_ulti_04.ogg",45,50,98,102,1,1,15000,,,,,,,,,
"Poco_lead","sfx/poco_lead_01.ogg",45,50,98,102,1,1,20000,,,,,,,,,
,"sfx/poco_lead_02.ogg",45,50,98,102,1,1,20000,,,,,,,,,
,"sfx/poco_lead_03.ogg",45,50,98,102,1,1,20000,,,,,,,,,
"Rosa_hurt","sfx/rosa_hit_01.ogg",50,60,98,102,1,1,3000,,,,,,,,,
,"sfx/rosa_hit_02.ogg",50,60,98,102,1,1,3000,,,,,,,,,
,"sfx/rosa_hit_03.ogg",50,60,98,102,1,1,3000,,,,,,,,,
,"sfx/rosa_hit_04.ogg",50,60,98,102,1,1,3000,,,,,,,,,
,"sfx/rosa_hit_05.ogg",50,60,98,102,1,1,3000,,,,,,,,,
,"sfx/rosa_hit_06.ogg",50,60,98,102,1,1,3000,,,,,,,,,
,"sfx/rosa_hit_07.ogg",50,60,98,102,1,1,3000,,,,,,,,,
"Rosa_die","sfx/rosa_death_01.ogg",50,60,98,102,1,1,,,,,,,,,,
,"sfx/rosa_death_02.ogg",50,60,98,102,1,1,,,,,,,,,,
,"sfx/rosa_death_03.ogg",50,60,98,102,1,1,,,,,,,,,,
,"sfx/rosa_death_04.ogg",50,60,98,102,1,1,,,,,,,,,,
"Rosa_kill","sfx/rosa_kill_01.ogg",50,60,98,102,1,1,15000,,,,,,,,,
,"sfx/rosa_kill_02.ogg",50,60,98,102,1,1,15000,,,,,,,,,
,"sfx/rosa_kill_03.ogg",50,60,98,102,1,1,15000,,,,,,,,,
,"sfx/rosa_kill_04.ogg",50,60,98,102,1,1,15000,,,,,,,,,
,"sfx/rosa_kill_05.ogg",50,60,98,102,1,1,15000,,,,,,,,,
"Rosa_lead","sfx/rosa_lead_01.ogg",50,60,98,102,1,1,20000,,,,,,,,,
,"sfx/rosa_lead_02.ogg",50,60,98,102,1,1,20000,,,,,,,,,
,"sfx/rosa_lead_03.ogg",50,60,98,102,1,1,20000,,,,,,,,,
"Rosa_start","sfx/rosa_start_01.ogg",50,60,98,102,1,1,,,,,,,,,,
,"sfx/rosa_start_02.ogg",50,60,98,102,1,1,,,,,,,,,,
,"sfx/rosa_start_03.ogg",50,60,98,102,1,1,,,,,,,,,,
,"sfx/rosa_start_04.ogg",50,60,98,102,1,1,,,,,,,,,,
"Rosa_ulti_vo","sfx/rosa_ulti_vo_01.ogg",50,60,98,102,1,1,15000,,,,,,,,,
,"sfx/rosa_ulti_vo_02.ogg",50,60,98,102,1,1,15000,,,,,,,,,
,"sfx/rosa_ulti_vo_03.ogg",50,60,98,102,1,1,15000,,,,,,,,,
,"sfx/rosa_ulti_vo_04.ogg",50,60,98,102,1,1,15000,,,,,,,,,
"Roll","sfx/safe_drop_01.ogg",85,85,100,100,1,3,,,,,,,,,,
"Reveal","sfx/safe_drop_01.ogg",1,1,100,100,1,3,,,,,,,,,,
"Upgrade","sfx/laser_upgrade_char_01.ogg",70,70,100,100,1,3,1000,,,,,,,,,
"Male_1_death","sfx/death_plop_01.ogg",60,70,96,104,1,3,300,,,,,,,,,
,"sfx/death_plop_01.ogg",60,70,96,104,1,3,300,,,,,,,,,
"Male_2_death","sfx/death_plop_01.ogg",60,70,96,104,1,3,300,,,,,,,,,
,"sfx/death_plop_01.ogg",60,70,96,104,1,3,300,,,,,,,,,
"Female_1_death","sfx/death_plop_01.ogg",60,70,96,104,1,3,300,,,,,,,,,
,"sfx/death_plop_01.ogg",60,70,96,104,1,3,300,,,,,,,,,
"Rhino_death","sfx/death_plop_01.ogg",60,70,96,104,1,3,300,,,,,,,,,
,"sfx/death_plop_01.ogg",60,70,96,104,1,3,300,,,,,,,,,
"Robo_death","sfx/robo_death_01.ogg",70,70,98,102,1,4,,,,,,,,,,
,"sfx/robo_death_02.ogg",70,70,98,102,1,4,,,,,,,,,,
"Bo_start","sfx/bo_start_vo_01.ogg",55,65,98,102,1,1,,,,,,,,,,
,"sfx/bo_start_vo_02.ogg",55,65,98,102,1,1,,,,,,,,,,
,"sfx/bo_start_vo_03.ogg",55,65,98,102,1,1,,,,,,,,,,
,"sfx/bo_start_vo_04.ogg",55,65,98,102,1,1,,,,,,,,,,
,"sfx/bo_start_vo_05.ogg",55,65,98,102,1,1,,,,,,,,,,
"Bo_kill","sfx/bo_kill_vo_01.ogg",55,65,98,102,1,1,15000,,,,,,,,,
,"sfx/bo_kill_vo_02.ogg",55,65,98,102,1,1,15000,,,,,,,,,
,"sfx/bo_kill_vo_03.ogg",55,65,98,102,1,1,15000,,,,,,,,,
,"sfx/bo_kill_vo_04.ogg",55,65,98,102,1,1,15000,,,,,,,,,
"Bo_hurt","sfx/bo_hurt_01.ogg",55,65,98,102,1,1,10000,,,,,,,,,
,"sfx/bo_hurt_02.ogg",55,65,98,102,1,1,10000,,,,,,,,,
,"sfx/bo_hurt_03.ogg",55,65,98,102,1,1,10000,,,,,,,,,
,"sfx/bo_hurt_04.ogg",55,65,98,102,1,1,10000,,,,,,,,,
"Bo_lead","sfx/bo_lead_vo_01.ogg",55,65,98,102,1,1,20000,,,,,,,,,
,"sfx/bo_lead_vo_02.ogg",55,65,98,102,1,1,20000,,,,,,,,,
,"sfx/bo_lead_vo_03.ogg",55,65,98,102,1,1,20000,,,,,,,,,
,"sfx/bo_lead_vo_04.ogg",55,65,98,102,1,1,20000,,,,,,,,,
"Bo_die","sfx/bo_die_01.ogg",55,65,98,102,1,1,15000,,,,,,,,,
,"sfx/bo_die_02.ogg",55,65,98,102,1,1,15000,,,,,,,,,
,"sfx/bo_die_03.ogg",55,65,98,102,1,1,15000,,,,,,,,,
,"sfx/bo_die_04.ogg",55,65,98,102,1,1,15000,,,,,,,,,
"Bo_ulti_vo","sfx/bo_ulti_vo_01.ogg",55,65,98,102,1,1,15000,,,,,,,,,
,"sfx/bo_ulti_vo_02.ogg",55,65,98,102,1,1,15000,,,,,,,,,
,"sfx/bo_ulti_vo_03.ogg",55,65,98,102,1,1,15000,,,,,,,,,
,"sfx/bo_ulti_vo_04.ogg",55,65,98,102,1,1,15000,,,,,,,,,
"Bo_atk_vo","sfx/bo_fire_vo_01.ogg",55,65,98,102,1,1,10000,,,,,,,,,
,"sfx/bo_fire_vo_02.ogg",55,65,98,102,1,1,10000,,,,,,,,,
,"sfx/bo_fire_vo_03.ogg",55,65,98,102,1,1,10000,,,,,,,,,
,"sfx/bo_fire_vo_04.ogg",55,65,98,102,1,1,10000,,,,,,,,,
"Mech_Bo_start","sfx/robo_bo_start_vo_01.ogg",55,65,100,100,1,1,,,,,,,,,,
,"sfx/robo_bo_start_vo_02.ogg",55,65,100,100,1,1,,,,,,,,,,
,"sfx/robo_bo_start_vo_03.ogg",55,65,100,102,1,1,,,,,,,,,,
,"sfx/robo_bo_start_vo_04.ogg",55,65,100,102,1,1,,,,,,,,,,
,"sfx/robo_bo_start_vo_05.ogg",55,65,100,102,1,1,,,,,,,,,,
"Mech_Bo_kill","sfx/robo_bo_kill_01.ogg",55,65,100,102,1,1,15000,,,,,,,,,
,"sfx/robo_bo_kill_02.ogg",55,65,100,102,1,1,15000,,,,,,,,,
,"sfx/robo_bo_kill_03.ogg",55,65,100,102,1,1,15000,,,,,,,,,
,"sfx/robo_bo_kill_04.ogg",55,65,100,102,1,1,15000,,,,,,,,,
"Mech_Bo_hurt","sfx/robo_bo_hurt_01.ogg",55,65,100,102,1,1,10000,,,,,,,,,
,"sfx/robo_bo_hurt_02.ogg",55,65,100,102,1,1,10000,,,,,,,,,
,"sfx/robo_bo_hurt_03.ogg",55,65,100,100,1,1,10000,,,,,,,,,
,"sfx/robo_bo_hurt_04.ogg",55,65,100,100,1,1,10000,,,,,,,,,
"Mech_Bo_lead","sfx/robo_bo_lead_vo_01.ogg",55,65,100,100,1,1,20000,,,,,,,,,
,"sfx/robo_bo_lead_vo_02.ogg",55,65,100,100,1,1,20000,,,,,,,,,
,"sfx/robo_bo_lead_vo_03.ogg",55,65,100,100,1,1,20000,,,,,,,,,
,"sfx/robo_bo_lead_vo_04.ogg",55,65,100,100,1,1,20000,,,,,,,,,
"Mech_Bo_die","sfx/robo_bo_die_01.ogg",55,65,100,100,1,1,15000,,,,,,,,,
,"sfx/robo_bo_die_02.ogg",55,65,100,100,1,1,15000,,,,,,,,,
,"sfx/robo_bo_die_03.ogg",55,65,100,100,1,1,15000,,,,,,,,,
,"sfx/robo_bo_die_04.ogg",55,65,100,100,1,1,15000,,,,,,,,,
"Mech_Bo_ulti_vo","sfx/robo_bo_ulti_vo_01.ogg",55,65,100,100,1,1,15000,,,,,,,,,
,"sfx/robo_bo_ulti_vo_02.ogg",55,65,100,100,1,1,15000,,,,,,,,,
,"sfx/robo_bo_ulti_vo_03.ogg",55,65,100,100,1,1,15000,,,,,,,,,
,"sfx/robo_bo_ulti_vo_04.ogg",55,65,100,100,1,1,15000,,,,,,,,,
"Mech_Bo_atk_vo","sfx/robo_bo_fire_vo_01.ogg",55,65,100,100,1,1,10000,,,,,,,,,
,"sfx/robo_bo_fire_vo_02.ogg",55,65,100,100,1,1,10000,,,,,,,,,
,"sfx/robo_bo_fire_vo_03.ogg",55,65,100,100,1,1,10000,,,,,,,,,
,"sfx/robo_bo_fire_vo_04.ogg",55,65,100,100,1,1,10000,,,,,,,,,
"Carl_start_vo","sfx/carl_start_vo_01.ogg",55,55,98,102,1,1,,,,,,,,,,
,"sfx/carl_start_vo_02.ogg",55,55,98,102,1,1,,,,,,,,,,
,"sfx/carl_start_vo_03.ogg",55,55,98,102,1,1,,,,,,,,,,
,"sfx/carl_start_vo_04.ogg",55,55,98,102,1,1,,,,,,,,,,
,"sfx/carl_start_vo_05.ogg",55,55,98,102,1,1,,,,,,,,,,
,"sfx/carl_start_vo_06.ogg",55,55,98,102,1,1,,,,,,,,,,
,"sfx/carl_start_vo_07.ogg",55,55,98,102,1,1,,,,,,,,,,
"Carl_kill_vo","sfx/carl_kill_vo_01.ogg",55,55,98,102,1,1,15000,,,,,,,,,
,"sfx/carl_kill_vo_02.ogg",55,55,98,102,1,1,15000,,,,,,,,,
,"sfx/carl_kill_vo_03.ogg",40,50,98,102,1,1,15000,,,,,,,,,
,"sfx/carl_kill_vo_04.ogg",40,50,98,102,1,1,15000,,,,,,,,,
,"sfx/carl_kill_vo_05.ogg",40,50,98,102,1,1,15000,,,,,,,,,
"Carl_hurt_vo","sfx/carl_hurt_vo_01.ogg",50,50,98,102,1,1,12000,,,,,,,,,
,"sfx/carl_hurt_vo_02.ogg",50,50,98,102,1,1,12000,,,,,,,,,
,"sfx/carl_hurt_vo_03.ogg",50,50,98,102,1,1,12000,,,,,,,,,
,"sfx/carl_hurt_vo_04.ogg",50,50,98,102,1,1,12000,,,,,,,,,
,"sfx/carl_hurt_vo_05.ogg",50,50,98,102,1,1,12000,,,,,,,,,
"Carl_die_vo","sfx/carl_death_vo_01.ogg",55,65,98,102,1,1,15000,,,,,,,,,
,"sfx/carl_death_vo_02.ogg",55,65,98,102,1,1,15000,,,,,,,,,
,"sfx/carl_death_vo_03.ogg",55,65,98,102,1,1,15000,,,,,,,,,
,"sfx/carl_death_vo_04.ogg",55,65,98,102,1,1,15000,,,,,,,,,
"Carl_ulti_vo","sfx/carl_ulti_vo_01.ogg",60,60,98,102,1,1,15000,,,,,,,,,
,"sfx/carl_ulti_vo_02.ogg",60,60,98,102,1,1,15000,,,,,,,,,
"Carl_lead_vo","sfx/carl_lead_vo_01.ogg",55,65,98,102,1,1,20000,,,,,,,,,
,"sfx/carl_lead_vo_02.ogg",55,65,98,102,1,1,20000,,,,,,,,,
,"sfx/carl_lead_vo_03.ogg",55,65,98,102,1,1,20000,,,,,,,,,
,"sfx/carl_lead_vo_04.ogg",55,65,98,102,1,1,20000,,,,,,,,,
"Carl_atk_vo","sfx/carl_atk_vo_01.ogg",50,50,98,102,1,1,15000,,,,,,,,,
,"sfx/carl_atk_vo_02.ogg",50,50,98,102,1,1,15000,,,,,,,,,
,"sfx/carl_atk_vo_03.ogg",50,50,98,102,1,1,15000,,,,,,,,,
"Tara_start_vo","sfx/tara_start_vo_01.ogg",62,62,98,102,1,1,,,,,,,,,,
,"sfx/tara_start_vo_02.ogg",62,62,98,102,1,1,,,,,,,,,,
,"sfx/tara_start_vo_03.ogg",62,62,98,102,1,1,,,,,,,,,,
"Tara_kill_vo","sfx/tara_kill_vo_01.ogg",62,62,98,102,1,1,15000,,,,,,,,,
,"sfx/tara_kill_vo_02.ogg",62,62,98,102,1,1,15000,,,,,,,,,
,"sfx/tara_kill_vo_03.ogg",62,62,98,102,1,1,15000,,,,,,,,,
,"sfx/tara_kill_vo_04.ogg",62,62,98,102,1,1,15000,,,,,,,,,
"Tara_die_vo","sfx/tara_die_vo_01.ogg",62,62,98,102,1,1,15000,,,,,,,,,
,"sfx/tara_die_vo_02.ogg",62,62,98,102,1,1,15000,,,,,,,,,
,"sfx/tara_die_vo_03.ogg",62,62,98,102,1,1,15000,,,,,,,,,
,"sfx/tara_die_vo_04.ogg",62,62,98,102,1,1,15000,,,,,,,,,
"Tara_hurt_vo","sfx/tara_hurt_vo_01.ogg",62,62,98,102,1,1,12000,,,,,,,,,
,"sfx/tara_hurt_vo_02.ogg",62,62,98,102,1,1,12000,,,,,,,,,
,"sfx/tara_hurt_vo_03.ogg",62,62,98,102,1,1,12000,,,,,,,,,
"Tara_lead_vo","sfx/tara_lead_vo_01.ogg",62,62,98,102,1,1,20000,,,,,,,,,
,"sfx/tara_lead_vo_02.ogg",62,62,98,102,1,1,20000,,,,,,,,,
,"sfx/tara_lead_vo_03.ogg",62,62,98,102,1,1,20000,,,,,,,,,
"Bibi_start_vo","sfx/bibi_start_vo_01.ogg",55,60,98,102,1,1,,,,,,,,,,
,"sfx/bibi_start_vo_02.ogg",55,60,98,102,1,1,,,,,,,,,,
,"sfx/bibi_start_vo_03.ogg",55,60,98,102,1,1,,,,,,,,,,
,"sfx/bibi_start_vo_04.ogg",55,60,98,102,1,1,,,,,,,,,,
,"sfx/bibi_start_vo_05.ogg",55,60,98,102,1,1,,,,,,,,,,
,"sfx/bibi_start_vo_06.ogg",55,60,98,102,1,1,,,,,,,,,,
"Bibi_lead_vo","sfx/bibi_lead_vo_01.ogg",55,60,98,102,1,1,20000,,,,,,,,,
,"sfx/bibi_lead_vo_02.ogg",55,60,98,102,1,1,20000,,,,,,,,,
,"sfx/bibi_lead_vo_03.ogg",55,60,98,102,1,1,20000,,,,,,,,,
,"sfx/bibi_lead_vo_04.ogg",55,60,98,102,1,1,20000,,,,,,,,,
"Bibi_kill_vo","sfx/bibi_kill_vo_01.ogg",55,60,98,102,1,1,15000,,,,,,,,,
,"sfx/bibi_kill_vo_02.ogg",55,60,98,102,1,1,15000,,,,,,,,,
,"sfx/bibi_kill_vo_03.ogg",55,60,98,102,1,1,15000,,,,,,,,,
"Bibi_hurt_vo","sfx/bibi_hurt_vo_01.ogg",55,60,98,102,1,1,15000,,,,,,,,,
,"sfx/bibi_hurt_vo_02.ogg",55,60,98,102,1,1,15000,,,,,,,,,
,"sfx/bibi_hurt_vo_03.ogg",55,60,98,102,1,1,15000,,,,,,,,,
,"sfx/bibi_hurt_vo_04.ogg",55,60,98,102,1,1,15000,,,,,,,,,
"Bibi_die_vo","sfx/bibi_die_vo_01.ogg",55,60,98,102,1,1,15000,,,,,,,,,
,"sfx/bibi_die_vo_02.ogg",55,60,98,102,1,1,15000,,,,,,,,,
,"sfx/bibi_die_vo_03.ogg",55,60,98,102,1,1,15000,,,,,,,,,
,"sfx/bibi_die_vo_04.ogg",55,60,98,102,1,1,15000,,,,,,,,,
"Bibi_ulti_vo","sfx/bibi_ulti_vo_01.ogg",55,60,98,102,1,1,,,,,,,,,,
,"sfx/bibi_ulti_vo_02.ogg",55,60,98,102,1,1,,,,,,,,,,
,"sfx/bibi_ulti_vo_03.ogg",55,60,98,102,1,1,,,,,,,,,,
,"sfx/bibi_ulti_vo_04.ogg",55,60,98,102,1,1,,,,,,,,,,
"laser_panic_jingle","sfx/laser_panic_01.ogg",85,85,100,100,1,1,,,,,,,,,,
"laser_panic_bad_jingle","sfx/laser_panic_bad_01.ogg",85,85,100,100,1,1,,,,,,,,,,
"ui_coin_gain","sfx/coin_count_03.ogg",40,40,100,100,1,20,30,,,,,,,,,
"ui_firstcoin","sfx/coin_hit_01.ogg",50,50,100,100,1,3,,,,,,,,,,
"ui_collect_coins","sfx/collect_coins_01.ogg",60,60,100,100,1,5,,,,,,,,,,
"ui_tapbottomitem","sfx/tap_normal_02.ogg",50,50,98,102,1,3,,,,,,,,,,
"ui_tapbottomguns","sfx/tap_guns_02.ogg",50,50,98,102,1,3,,,,,,,,,,
"ui_upgradium_gain","sfx/shield_03.ogg",40,50,95,105,1,20,,,,,,,,,,
"ui_dust_gain","sfx/get_pickup_02.ogg",40,50,95,105,1,20,,,,,,,,,,
"ui_battle_end_xp_gain","sfx/get_xp_01.ogg",30,30,100,100,1,50,40,,,,,,,,,
"ui_battle_end_trophy_gain","sfx/get_trophies_01.ogg",50,50,100,100,1,50,,,,,,,,,,
"ui_battle_end_trophy_loss","sfx/lose_trophies_01.ogg",50,50,100,100,1,50,,,,,,,,,,
"ui_battle_end_rank_up","sfx/rank_up_01.ogg",80,80,100,100,1,35,,,,,,,,,,
"ui_battle_end_level_up","sfx/level_up_01.ogg",80,80,100,100,1,50,,,,,,,,,,
"ui_battle_end_element_slide","sfx/blink_01v2.ogg",60,70,95,105,1,20,,,,,,,,,,
"ui_battle_end_victory","sfx/post_match_win_cheer_01.ogg",70,70,98,102,1,1,,,,,,,,,,
"ui_battle_end_defeat","sfx/post_match_lose_cheer_01.ogg",70,70,98,102,1,1,,,,,,,,,,
"ui_battle_end_draw","sfx/post_match_draw_cheer_02.ogg",90,90,98,102,1,1,,,,,,,,,,
"ui_battle_end_transition","sfx/planet_whoosh_03.ogg",40,50,95,105,1,20,,,,,,,,,,
"ui_battle_end_mvp_you","sfx/mvp_jingle_01.ogg",70,70,100,100,1,1,,,,,,,,,,
"ui_battle_end_mvp_enemy","sfx/mvp_jingle_01.ogg",60,60,100,100,1,1,,,,,,,,,,
"ui_battle_end_mvp_other_friendly","sfx/dummy.ogg",1,1,98,102,1,1,,,,,,,,,,
"ui_battle_end_score_decrease_appear","sfx/dummy.ogg",1,1,98,102,1,1,,,,,,,,,,
"ui_battle_end_score_increase_appear","sfx/dummy.ogg",1,1,98,102,1,1,,,,,,,,,,
"ui_battle_end_coin_element_appear","sfx/deadyey_shot_01.ogg",40,50,95,105,1,20,,,,,,,,,,
"can_not_cast_ulti_tutorial","sfx/rhinostep_01.ogg",35,50,92,108,1,8,,,,,,,,,,
"Bullet_rico_metal","sfx/bullet_rico_metal_01.ogg",20,25,95,105,1,3,100,,,,,,,,,
"Bullet_rico_rock","sfx/bullet_rico_rock_01.ogg",20,25,95,105,1,3,100,,,,,,,,,
"Bullet_rico_wood","sfx/bullet_rico_wood_01.ogg",20,25,95,105,1,3,100,,,,,,,,,
"Bullet_rico_grass","sfx/bullet_rico_grass_02.ogg",10,15,95,105,1,3,100,,,,,,,,,
"Chest_loop","sfx/dummy.ogg",1,1,98,102,1,1,,,,,,,,,,
"Ulti_button_press","sfx/ulti_button_press_01.ogg",70,70,100,100,1,1,,,,,,,,,,
"Ulti_button_cancel","sfx/ulti_button_cancel_01.ogg",70,70,100,100,1,1,,,,,,,,,,
"Slugfest_go","sfx/brawl_go_01.ogg",80,80,100,100,1,1,,,,,,,,,,
"Tick_tock","sfx/slugfest_clock_01.ogg",50,50,100,100,1,6,,,,,,,,,,
"Bad_kill","sfx/slug_bad_kill_01.ogg",30,30,100,100,1,1,,,,,,,,,,
"Good_kill","sfx/slug_good_kill_01.ogg",40,40,100,100,1,1,,,,,,,,,,
"Select_char","sfx/guntown_select_char_01.ogg",70,70,100,100,1,1,,,,,,,,,,
"Wind_gust","sfx/wind_gust_01.ogg",5,25,92,108,1,3,2000,,,,,,,,,
"Jess_shoot","sfx/jess_shoot_01.ogg",45,55,96,104,1,3,,,,,,,,,,
"Jess_hit","sfx/jess_hit_01.ogg",35,45,96,104,1,3,,,,,,,,,,
"Jess_throw","sfx/jess_throw_01.ogg",45,55,98,102,1,3,,,,,,,,,,
"Jess_dryfire","sfx/jess_dry_fire_01.ogg",45,55,98,102,1,3,,,,,,,,,,
"Jess_reload","sfx/jess_reload_02.ogg",30,30,100,100,1,3,,,,,,,,,,
"Brock_dryfire","sfx/brock_dryfire_01.ogg",55,55,98,102,1,3,,,,,,,,,,
"Brock_reload","sfx/brock_reload_01.ogg",55,55,100,100,1,3,,,,,,,,,,
"Lucha_punch","sfx/lucha_punch_01.ogg",25,45,90,110,1,10,,,,,,,,,,
"Lucha_ulti","sfx/lucha_ulti_01.ogg",60,60,100,100,1,3,,,,,,,,,,
"Punch_impact","sfx/punch_impact_01.ogg",30,60,92,108,1,10,,,,,,,,,,
,"sfx/punch_impact_02.ogg",30,60,92,108,1,10,,,,,,,,,,
"Trickshot_fire","sfx/bounce_fire_01.ogg",35,50,95,105,1,10,50,,,,,,,,,
"Trickshot_bullet","sfx/rick_bullet_01.ogg",10,25,92,108,1,20,50,,,,,,,,,
"Trickshot_fire_ulti","sfx/bounce_fire_01.ogg",25,40,135,150,1,20,30,,,,,,,,,
"Bow_fire","sfx/bow_fire_01.ogg",20,40,90,100,1,12,50,,,,,,,,,
"Mech_bo_fire","sfx/mech_bo_fire_01.ogg",20,40,90,100,1,12,50,,,,,,,,,
"Mech_bo_ulti","sfx/mech_bo_ulti_01.ogg",50,60,95,105,1,3,,,,,,,,,,
"Mech_bo_reload","sfx/mech_bo_reload_01.ogg",30,35,96,104,1,3,,,,,,,,,,
"Bow_reload","sfx/bow_reload_01.ogg",30,35,96,104,1,3,,,,,,,,,,
"Bow_dryfire","sfx/bow_dryfire_01.ogg",35,40,97,103,1,3,,,,,,,,,,
"Earth_atk","sfx/earth_atk_01.ogg",45,55,93,107,1,3,,,,,,,,,,
"Crow_throw","sfx/crow_throw_01.ogg",30,40,94,106,1,3,,,,,,,,,,
"crow_reload","sfx/crow_reload_01.ogg",25,35,98,102,1,3,,,,,,,,,,
"Mech_crow_ulti","sfx/mech_crow_ulti_01.ogg",60,70,98,102,1,3,,,,,,,,,,
"Mech_crow_atk","sfx/mech_crow_atk_01.ogg",30,40,95,105,1,12,,,,,,,,,,
"crow_dryfire","sfx/crow_dryfire_01.ogg",30,35,98,102,1,3,,,,,,,,,,
"spike_atk","sfx/spike_atk_01.ogg",50,60,97,103,1,3,,,,,,,,,,
"Spike_reload","sfx/spike_reload_03.ogg",30,30,98,102,1,3,,,,,,,,,,
"Cactus_explo","sfx/spike_ulti_explo_01.ogg",70,80,96,104,1,3,,,,,,,,,,
"Mortis_atk","sfx/mortis_atk_01.ogg",60,70,98,102,1,3,,,,,,,,,,
"Mortis_ulti","sfx/mortis_ulti_01.ogg",80,80,100,100,1,3,,,,,,,,,,
"Mortis_reload","sfx/mortis_reload_02.ogg",40,40,100,100,1,3,,,,,,,,,,
"Barkeep_atk","sfx/barkeep_throw_01.ogg",60,70,98,102,1,3,,,,,,,,,,
"Barkeep_bottle_hit","sfx/barkeep_bottle_hit_01.ogg",35,55,95,105,1,3,,,,,,,,,,
"Barkeep_reload","sfx/barkeep_reload_01.ogg",60,70,96,104,1,3,,,,,,,,,,
"Barkeep_ulti_throw","sfx/barkeep_throw_ulti_01.ogg",60,70,95,105,1,5,,,,,,,,,,
"Barkeep_ulti_hit","sfx/barkeep_ulti_hit_01.ogg",60,70,98,105,1,5,,,,,,,,,,
"Barkeep_dryfire","sfx/barkeep_dryfire_01.ogg",50,60,96,104,1,3,,,,,,,,,,
"Poco_reload","sfx/poco_new_reload_02.ogg",40,40,98,102,1,3,,,,,,,,,,
"Poco_atk","sfx/poco_new_atk_01.ogg",50,50,84,84,1,3,,,,,,,,,,
,"sfx/poco_new_atk_01.ogg",50,40,89,89,1,3,,,,,,,,,,
,"sfx/poco_new_atk_01.ogg",50,50,100,100,1,3,,,,,,,,,,
"Poco_ulti","sfx/poco_ulti_sfx.ogg",55,55,100,100,1,3,,,,,,,,,,
"Tnt_guy_start_vo","sfx/tnt_guy_start_vo_01.ogg",45,50,98,102,1,1,,,,,,,,,,
,"sfx/tnt_guy_start_vo_02.ogg",45,50,98,102,1,1,,,,,,,,,,
,"sfx/tnt_guy_start_vo_03.ogg",45,50,98,102,1,1,,,,,,,,,,
,"sfx/tnt_guy_start_vo_04.ogg",45,50,98,102,1,1,,,,,,,,,,
"Tnt_guy_lead_vo","sfx/tnt_guy_lead_01.ogg",45,50,98,102,1,1,20000,,,,,,,,,
,"sfx/tnt_guy_lead_02.ogg",45,50,98,102,1,1,20000,,,,,,,,,
"Tnt_guy_kill_vo","sfx/tnt_guy_kill_01.ogg",45,50,98,102,1,1,15000,,,,,,,,,
,"sfx/tnt_guy_kill_02.ogg",45,50,98,102,1,1,15000,,,,,,,,,
,"sfx/tnt_guy_kill_03.ogg",45,50,98,102,1,1,15000,,,,,,,,,
,"sfx/tnt_guy_kill_04.ogg",45,50,98,102,1,1,15000,,,,,,,,,
"Tnt_guy_hurt_vo","sfx/tnt_guy_hurt_01.ogg",45,50,98,102,1,1,3000,,,,,,,,,
,"sfx/tnt_guy_hurt_02.ogg",45,50,98,102,1,1,3000,,,,,,,,,
,"sfx/tnt_guy_hurt_03.ogg",45,50,98,102,1,1,3000,,,,,,,,,
,"sfx/tnt_guy_hurt_04.ogg",45,50,98,102,1,1,3000,,,,,,,,,
,"sfx/tnt_guy_hurt_05.ogg",45,50,98,102,1,1,3000,,,,,,,,,
"Tnt_guy_ulti_vo","sfx/tnt_guy_ulti_01.ogg",45,50,98,102,1,1,,,,,,,,,,
,"sfx/tnt_guy_ulti_02.ogg",45,50,98,102,1,1,,,,,,,,,,
"Tnt_guy_die_vo","sfx/tnt_guy_die_01.ogg",45,50,98,102,1,1,,,,,,,,,,
,"sfx/tnt_guy_die_02.ogg",45,50,98,102,1,1,,,,,,,,,,
,"sfx/tnt_guy_die_03.ogg",45,50,98,102,1,1,,,,,,,,,,
,"sfx/tnt_guy_die_04.ogg",45,50,98,102,1,1,,,,,,,,,,
,"sfx/tnt_guy_die_05.ogg",45,50,98,102,1,1,,,,,,,,,,
"Mech_Mike_start_vo","sfx/mech_mike_start_vo_01.ogg",45,50,98,102,1,1,,,,,,,,,,
,"sfx/mech_mike_start_vo_02.ogg",45,50,98,102,1,1,,,,,,,,,,
,"sfx/mech_mike_start_vo_03.ogg",45,50,98,102,1,1,,,,,,,,,,
,"sfx/mech_mike_start_vo_04.ogg",45,50,98,102,1,1,,,,,,,,,,
"Mech_Mike_lead_vo","sfx/mech_mike_lead_vo_01.ogg",45,50,98,102,1,1,20000,,,,,,,,,
,"sfx/mech_mike_lead_vo_02.ogg",45,50,98,102,1,1,20000,,,,,,,,,
"Mech_Mike_kill_vo","sfx/mech_mike_kill_vo_01.ogg",45,50,98,102,1,1,15000,,,,,,,,,
,"sfx/mech_mike_kill_vo_02.ogg",45,50,98,102,1,1,15000,,,,,,,,,
,"sfx/mech_mike_kill_vo_03.ogg",45,50,98,102,1,1,15000,,,,,,,,,
,"sfx/mech_mike_kill_vo_04.ogg",45,50,98,102,1,1,15000,,,,,,,,,
"Mech_Mike_hurt_vo","sfx/mech_mike_hurt_vo_01.ogg",45,50,98,102,1,1,3000,,,,,,,,,
,"sfx/mech_mike_hurt_vo_02.ogg",45,50,98,102,1,1,3000,,,,,,,,,
,"sfx/mech_mike_hurt_vo_03.ogg",45,50,98,102,1,1,3000,,,,,,,,,
,"sfx/mech_mike_hurt_vo_04.ogg",45,50,98,102,1,1,3000,,,,,,,,,
,"sfx/mech_mike_hurt_vo_05.ogg",45,50,98,102,1,1,3000,,,,,,,,,
"Mech_Mike_ulti_vo","sfx/mech_mike_ulti_vo_01.ogg",45,50,98,102,1,1,,,,,,,,,,
,"sfx/mech_mike_ulti_vo_02.ogg",45,50,98,102,1,1,,,,,,,,,,
"Mech_Mike_die_vo","sfx/mech_mike_die_vo_01.ogg",45,50,98,102,1,1,,,,,,,,,,
,"sfx/mech_mike_die_vo_02.ogg",45,50,98,102,1,1,,,,,,,,,,
,"sfx/mech_mike_die_vo_03.ogg",45,50,98,102,1,1,,,,,,,,,,
,"sfx/mech_mike_die_vo_04.ogg",45,50,98,102,1,1,,,,,,,,,,
,"sfx/mech_mike_die_vo_05.ogg",45,50,98,102,1,1,,,,,,,,,,
"Nita_ulti_throw","sfx/nita_ulti_01.ogg",50,50,100,100,1,1,,,,,,,,,,
"Nita_ulti_bear","sfx/bear_spawn_01.ogg",70,70,96,104,1,1,,,,,,,,,,
"Nita_kill","sfx/nita_kill_vo_01.ogg",45,50,98,102,1,1,15000,,,,,,,,,
,"sfx/nita_kill_vo_02.ogg",45,50,98,102,1,1,15000,,,,,,,,,
,"sfx/nita_kill_vo_03.ogg",45,50,98,102,1,1,15000,,,,,,,,,
"Nita_lead","sfx/nita_lead_01.ogg",45,50,98,102,1,1,20000,,,,,,,,,
,"sfx/nita_lead_02.ogg",45,50,98,102,1,1,20000,,,,,,,,,
,"sfx/nita_lead_03.ogg",45,50,98,102,1,1,20000,,,,,,,,,
"Nita_start","sfx/nita_start_vo_01.ogg",45,50,98,102,1,1,,,,,,,,,,
,"sfx/nita_start_vo_02.ogg",45,50,98,102,1,1,,,,,,,,,,
,"sfx/nita_start_vo_03.ogg",45,50,98,102,1,1,,,,,,,,,,
"Nita_ulti","sfx/nita_ulti_vo_01.ogg",45,50,98,102,1,1,,,,,,,,,,
,"sfx/nita_ulti_vo_02.ogg",45,50,98,102,1,1,,,,,,,,,,
,"sfx/nita_ulti_vo_03.ogg",45,50,98,102,1,1,,,,,,,,,,
"Nita_hurt","sfx/nita_hurt_01.ogg",35,45,98,102,1,1,5000,,,,,,,,,
,"sfx/nita_hurt_02.ogg",35,45,98,102,1,1,5000,,,,,,,,,
,"sfx/nita_hurt_03.ogg",35,45,98,102,1,1,5000,,,,,,,,,
,"sfx/nita_hurt_04.ogg",35,45,98,102,1,1,5000,,,,,,,,,
,"sfx/nita_hurt_05.ogg",35,45,98,102,1,1,5000,,,,,,,,,
"Nita_death","sfx/nita_die_01.ogg",45,50,98,102,1,1,,,,,,,,,,
,"sfx/nita_die_02.ogg",45,50,98,102,1,1,,,,,,,,,,
"Nita_atk_vo","sfx/nita_atk_01.ogg",45,50,98,102,1,1,5000,,,,,,,,,
,"sfx/nita_atk_02.ogg",45,50,98,102,1,1,5000,,,,,,,,,
,"sfx/nita_atk_03.ogg",45,50,98,102,1,1,5000,,,,,,,,,
,"sfx/nita_atk_04.ogg",45,50,98,102,1,1,5000,,,,,,,,,
,"sfx/nita_atk_05.ogg",45,50,98,102,1,1,5000,,,,,,,,,
"Pam_start","sfx/pam_start_vo_01.ogg",45,55,98,102,1,1,,,,,,,,,,
,"sfx/pam_start_vo_02.ogg",45,55,98,102,1,1,,,,,,,,,,
,"sfx/pam_start_vo_03.ogg",45,55,98,102,1,1,,,,,,,,,,
,"sfx/pam_start_vo_04.ogg",45,55,98,102,1,1,,,,,,,,,,
"Pam_hurt","sfx/pam_hurt_vo_01.ogg",45,55,98,102,1,1,5000,,,,,,,,,
,"sfx/pam_hurt_vo_02.ogg",45,55,98,102,1,1,5000,,,,,,,,,
,"sfx/pam_hurt_vo_03.ogg",45,55,98,102,1,1,5000,,,,,,,,,
,"sfx/pam_hurt_vo_04.ogg",45,55,98,102,1,1,5000,,,,,,,,,
,"sfx/pam_hurt_vo_05.ogg",45,55,98,102,1,1,5000,,,,,,,,,
"Pam_kill","sfx/pam_kill_vo_01.ogg",45,55,98,102,1,1,15000,,,,,,,,,
,"sfx/pam_kill_vo_02.ogg",45,55,98,102,1,1,15000,,,,,,,,,
,"sfx/pam_kill_vo_03.ogg",45,55,98,102,1,1,15000,,,,,,,,,
,"sfx/pam_kill_vo_04.ogg",45,55,98,102,1,1,15000,,,,,,,,,
"Pam_lead","sfx/pam_lead_vo_01.ogg",45,55,98,102,1,1,20000,,,,,,,,,
,"sfx/pam_lead_vo_02.ogg",45,55,98,102,1,1,20000,,,,,,,,,
,"sfx/pam_lead_vo_03.ogg",45,55,98,102,1,1,20000,,,,,,,,,
,"sfx/pam_lead_vo_04.ogg",45,55,98,102,1,1,20000,,,,,,,,,
"Pam_ulti","sfx/pam_ulti_vo_01.ogg",45,55,98,102,1,1,5000,,,,,,,,,
,"sfx/pam_ulti_vo_02.ogg",45,55,98,102,1,1,5000,,,,,,,,,
,"sfx/pam_ulti_vo_03.ogg",45,55,98,102,1,1,5000,,,,,,,,,
,"sfx/pam_ulti_vo_04.ogg",45,55,98,102,1,1,5000,,,,,,,,,
"Pam_die","sfx/pam_die_vo_01.ogg",45,55,98,102,1,1,5000,,,,,,,,,
,"sfx/pam_die_vo_02.ogg",45,55,98,102,1,1,5000,,,,,,,,,
,"sfx/pam_die_vo_03.ogg",45,55,98,102,1,1,5000,,,,,,,,,
,"sfx/pam_die_vo_04.ogg",45,55,98,102,1,1,5000,,,,,,,,,
"Mortis_start","sfx/mortis_start_01.ogg",45,55,98,102,1,1,,,,,,,,,,
,"sfx/mortis_start_02.ogg",45,55,98,102,1,1,,,,,,,,,,
,"sfx/mortis_start_04.ogg",45,55,98,102,1,1,,,,,,,,,,
,"sfx/mortis_start_03.ogg",45,55,98,102,1,1,,,,,,,,,,
"Mortis_hurt","sfx/mortis_hurt_01.ogg",45,55,98,102,1,1,5000,,,,,,,,,
,"sfx/mortis_hurt_02.ogg",45,55,98,102,1,1,5000,,,,,,,,,
,"sfx/mortis_hurt_03.ogg",45,55,98,102,1,1,5000,,,,,,,,,
,"sfx/mortis_hurt_04.ogg",45,55,98,102,1,1,5000,,,,,,,,,
"Mortis_kill","sfx/mortis_kill_01.ogg",45,55,98,102,1,1,15000,,,,,,,,,
,"sfx/mortis_kill_02.ogg",45,55,98,102,1,1,15000,,,,,,,,,
,"sfx/mortis_kill_03.ogg",45,55,98,102,1,1,15000,,,,,,,,,
,"sfx/mortis_kill_04.ogg",45,55,98,102,1,1,15000,,,,,,,,,
"Mortis_lead","sfx/mortis_lead_01.ogg",45,55,98,102,1,1,20000,,,,,,,,,
,"sfx/mortis_lead_02.ogg",45,55,98,102,1,1,20000,,,,,,,,,
,"sfx/mortis_lead_03.ogg",45,55,98,102,1,1,20000,,,,,,,,,
,"sfx/mortis_lead_04.ogg",45,55,98,102,1,1,20000,,,,,,,,,
,"sfx/mortis_lead_05.ogg",45,55,98,102,1,1,20000,,,,,,,,,
"Mortis_ulti_vo","sfx/mortis_ulti_vo_01.ogg",45,55,98,102,1,1,5000,,,,,,,,,
,"sfx/mortis_ulti_vo_02.ogg",45,55,98,102,1,1,5000,,,,,,,,,
,"sfx/mortis_ulti_vo_04.ogg",45,55,98,102,1,1,5000,,,,,,,,,
,"sfx/mortis_ulti_vo_05.ogg",45,55,98,102,1,1,5000,,,,,,,,,
,"sfx/mortis_ulti_vo_03.ogg",45,55,98,102,1,1,5000,,,,,,,,,
"Mortis_die","sfx/mortis_die_01.ogg",45,55,98,102,1,1,5000,,,,,,,,,
,"sfx/mortis_die_02.ogg",45,55,98,102,1,1,5000,,,,,,,,,
,"sfx/mortis_die_03.ogg",45,55,98,102,1,1,5000,,,,,,,,,
,"sfx/mortis_die_04.ogg",45,55,98,102,1,1,5000,,,,,,,,,
,"sfx/mortis_die_05.ogg",45,55,98,102,1,1,5000,,,,,,,,,
"Mortis_atk_vo","sfx/mortis_atk_vo_01.ogg",45,55,98,102,1,1,15000,,,,,,,,,
,"sfx/mortis_atk_vo_02.ogg",45,55,98,102,1,1,15000,,,,,,,,,
,"sfx/mortis_atk_vo_03.ogg",45,55,98,102,1,1,15000,,,,,,,,,
,"sfx/mortis_atk_vo_04.ogg",45,55,98,102,1,1,15000,,,,,,,,,
"8bit_atk","sfx/8bit_atk_02.ogg",20,30,95,105,1,10,50,,,,,,,,,
"8bit_ulti","sfx/8bit_ulti_02.ogg",80,80,100,100,1,3,,,,,,,,,,
"8bit_ulti_vo","Sfx/8bit_ulti_vo_01.ogg",70,70,100,100,1,1,,,,,,,,,,
"8bit_start_vo","Sfx/8bit_start_vo_01.ogg",60,60,100,100,1,1,,,,,,,,,,
,"sfx/8bit_start_vo_02.ogg",60,60,100,100,1,1,,,,,,,,,,
,"Sfx/8bit_start_vo_03.ogg",60,60,100,100,1,1,,,,,,,,,,
"8bit_hurt_vo","sfx/8bit_hurt_vo_01.ogg",50,50,100,100,1,1,5000,,,,,,,,,
,"sfx/8bit_hurt_vo_02.ogg",50,50,100,100,1,1,5000,,,,,,,,,
,"sfx/8bit_hurt_vo_03.ogg",50,50,100,100,1,1,5000,,,,,,,,,
,"sfx/8bit_hurt_vo_04.ogg",50,50,100,100,1,1,5000,,,,,,,,,
,"sfx/8bit_hurt_vo_05.ogg",50,50,100,100,1,1,5000,,,,,,,,,
"8bit_kill_vo","sfx/8bit_kill_vo_01.ogg",60,60,100,100,1,1,15000,,,,,,,,,
,"sfx/8bit_kill_vo_02.ogg",60,60,100,100,1,1,15000,,,,,,,,,
,"sfx/8bit_kill_vo_03.ogg",60,60,100,100,1,1,15000,,,,,,,,,
,"sfx/8bit_kill_vo_04.ogg",60,60,100,100,1,1,15000,,,,,,,,,
"8bit_lead_vo","sfx/8bit_lead_vo_01.ogg",60,60,100,100,1,1,20000,,,,,,,,,
,"sfx/8bit_lead_vo_02.ogg",60,60,100,100,1,1,20000,,,,,,,,,
,"sfx/8bit_lead_vo_03.ogg",60,60,100,100,1,1,20000,,,,,,,,,
"8bit_die_vo","sfx/8bit_die_vo_01.ogg",60,60,100,100,1,1,5000,,,,,,,,,
,"sfx/8bit_die_vo_02.ogg",60,60,100,100,1,1,5000,,,,,,,,,
,"sfx/8bit_die_vo_03.ogg",60,60,100,100,1,1,5000,,,,,,,,,
,"sfx/8bit_die_vo_04.ogg",60,60,100,100,1,1,5000,,,,,,,,,
,"sfx/8bit_die_vo_05.ogg",60,60,100,100,1,1,5000,,,,,,,,,
,"sfx/8bit_die_vo_06.ogg",60,60,100,100,1,1,5000,,,,,,,,,
"Bomb_bleeps","sfx/bomb_bleeps_01.ogg",45,45,100,100,1,3,,,,,,,,,,
"Bomb_bleeps_friend","sfx/blue_mine_01.ogg",45,45,100,100,1,3,,,,,,,,,,
"Tutorial_circle","sfx/tutorial_enter_circle_01.ogg",50,50,100,100,1,3,,,,,,,,,,
"Reveal_common","sfx/reveal_common_card_01.ogg",50,50,100,100,1,3,,,,,,,,,,
"Reveal_rare","sfx/reveal_rare_card_01.ogg",60,60,100,100,1,3,,,,,,,,,,
"Reveal_epic","sfx/reveal_epic_card_01.ogg",70,70,100,100,1,3,,,,,,,,,,
"Reveal_legendary","sfx/reveal_legendary_card_01.ogg",90,90,100,100,1,3,,,,,,,,,,
"Reveal_loop","sfx/dummy.ogg",1,1,98,102,1,5,,,,,,,,,,
"Bo_mine_spawn","sfx/bo_mine_spawn_01.ogg",40,50,95,105,1,6,,,,,,,,,,
"Buy_gems","sfx/buy_gems_01.ogg",50,50,100,100,1,3,,,,,,,,,,
"Become_chips","sfx/become_chips_01.ogg",75,75,100,100,1,3,,,,,,,,,,
"Safe_open_elixir","sfx/safe_open_char_01.ogg",95,95,100,100,1,3,,,,,,,,,,
"Safe_open_char","sfx/safe_open_char_01.ogg",95,95,100,100,1,3,,,,,,,,,,
"Getting_healed","sfx/heal_loop_01.ogg",25,25,100,100,1,3,,,,,,,,,,
"Sniper_atk","sfx/princess_shoot_01.ogg",70,70,98,102,1,10,,,,,,,,,,
"Sniper_trail","sfx/sniper_trail_02.ogg",30,30,98,102,1,10,,"TRUE",,,,,,,,
"Sniper_reload","sfx/sniper_reload_01.ogg",40,40,98,102,1,3,,,,,,,,,,
"Sniper_ulti","sfx/sniper_ulti_01.ogg",60,60,100,100,1,3,,,,,,,,,,
"Piper_mine_drop","sfx/piper_mine_drop_02.ogg",60,70,95,105,1,3,,,,,,,,,,
"Sniper_land","sfx/princess_land_01.ogg",60,65,96,104,1,3,,,,,,,,,,
"Throw_bawl","sfx/brawl_ball_kick_02.ogg",70,70,96,104,1,3,,,,,,,,,,
"Throw_bawl_ulti","sfx/throw_bawl_ulti_01.ogg",80,80,96,104,1,3,,,,,,,,,,
"Catch_bawl","sfx/catch_bawl_01.ogg",80,80,100,100,1,3,,,,,,,,,,
"Mystic_atk","sfx/mystic_atk_01.ogg",50,60,96,104,1,3,,,,,,,,,,
"Black_hole","sfx/mystic_hole_01.ogg",70,70,100,100,1,3,,,,,,,,,,
"Mystic_reload","sfx/mystic_reload_01.ogg",70,70,96,104,1,3,,,,,,,,,,
"Mystic_ulti_deploy","sfx/mystic_ulti_deploy_01.ogg",40,40,100,100,1,3,,,,,,,,,,
"Mystic_dryfire","sfx/mystic_dryfire_01.ogg",50,60,98,102,1,3,,,,,,,,,,
"Overtime","sfx/overtime_02.ogg",85,85,100,100,1,1,,,,,,,,,,
"MiniG_fire","sfx/minig_fire_01.ogg",30,50,85,115,1,15,,,,,,,,,,
"MiniG_reload","sfx/minig_reload_01.ogg",50,50,98,102,1,3,,,,,,,,,,
"Minig_dryfire","sfx/minig_dryfire_01.ogg",50,50,98,102,1,3,,,,,,,,,,
"MiniG_ulti","sfx/minig_ulti_01.ogg",65,75,98,102,1,3,,,,,,,,,,
"Pve_wave_01","sfx/wave_fight_01v2.ogg",70,70,100,100,1,1,,,,,,,,,,
"Pve_boss_01","sfx/wave_boss_fight_01.ogg",85,85,100,100,1,1,,,,,,,,,,
"Barrel_bot_ulti","sfx/barrelroll_ulti_01.ogg",75,75,98,102,1,3,,,,,,,,,,
"Get_100coins","sfx/100coins_01.ogg",70,70,100,100,1,3,,,,,,,,,,
"Trophy_rank_up","sfx/trophy_rank_up_01v2.ogg",80,80,100,100,1,3,,,,,,,,,,
"Craft_rarity_01","sfx/craft_rarity_01.ogg",60,60,100,100,1,3,,,,,,,,,,
"Craft_rarity_02","sfx/craft_rarity_02.ogg",60,60,100,100,1,3,,,,,,,,,,
"Craft_rarity_03","sfx/craft_rarity_03v2.ogg",65,65,100,100,1,3,,,,,,,,,,
"Craft_rarity_04","sfx/craft_rarity_04v2.ogg",70,70,100,100,1,3,,,,,,,,,,
"Craft_rarity_05","sfx/craft_rarity_05.ogg",75,75,100,100,1,3,,,,,,,,,,
"Brawl_button","sfx/brawl_button_01.ogg",60,60,100,100,1,3,,,,,,,,,,
"Select_brawler","sfx/select_brawler_01.ogg",60,60,100,100,1,3,,,,,,,,,,
"Barrelbot_step","sfx/barrel_roll_02.ogg",30,40,90,110,1,8,,,,,,,,,,
"Char_rollout","sfx/char_roll_out_02.ogg",70,70,100,100,1,5,,,,,,,,,,
"Brawler_intro","sfx/brawlerintro_01.ogg",80,80,100,100,1,3,,,,,,,,,,
"Brawl_intro","sfx/brawl_intro_01.ogg",40,40,100,100,1,1,,,,,,,,,,
"Upgrade_count","sfx/upgrade_count_01.ogg",15,15,100,100,1,20,50,,,,,,,,,
"Count_powerpoints","sfx/count_powerpoints_01.ogg",10,10,100,100,1,20,30,,,,,,,,,
"Emit_powerpoints","sfx/emit_powerpoints_01.ogg",50,50,90,110,2,10,100,,,,,,,,,
"Gatcha_end_screen","sfx/gatcha_summary_01.ogg",70,70,100,100,1,3,,,,,,,,,,
"Gatcha_star_power","sfx/startwirl_01.ogg",70,70,100,100,1,3,,,,,,,,,,
"Buy_from_shop","sfx/brawlbuy_01.ogg",50,50,100,100,1,3,,,,,,,,,,
"Shop_item_appear","sfx/item_swirl_01.ogg",30,30,100,100,1,10,,,,,,,,,,
"Coins_gatcha","sfx/get_coins_01.ogg",50,50,100,100,1,3,,,,,310,310,,,,
"Upgrade_unlocked","sfx/unlock_new_power_lvl_01.ogg",70,70,100,100,1,3,,,,,,,,,,
"2x_gatcha","sfx/2x_gatcha_double_01.ogg",50,50,100,100,1,3,,,,,310,310,,,,
"Get_powerpoints_small","sfx/get_powerpoints_01v2.ogg",60,60,100,100,1,3,,,,,,,,,,
"Get_powerpoints_medium","sfx/get_powerpoints_02v2.ogg",65,65,100,100,1,3,,,,,,,,,,
"Get_powerpoints_big","sfx/get_powerpoints_03v2.ogg",70,70,100,100,1,3,,,,,,,,,,
"Get_powerpoints_accent","sfx/get_pp_accent_01.ogg",70,70,100,100,1,3,,,,,,,,,,
"Get_powerpoints_accent_2","sfx/get_pp_2_accent_01.ogg",70,70,100,100,1,3,,,,,,,,,,
"Friend_online","sfx/friend_online_01.ogg",70,70,100,100,1,3,,,,,,,,,,
"Ticket_gatcha","sfx/get_tickets_01.ogg",70,70,100,100,1,3,,,,,310,310,,,,
"Bad_brawler","sfx/bad_move_01.ogg",60,60,100,100,1,3,,,,,,,,,,
"Tut_speech","sfx/tut_speech_01.ogg",35,35,98,102,1,3,,,,,,,,,,
"Marig_nohit","sfx/marig_miss_01.ogg",40,50,100,100,1,4,,,,,,,,,,
"Marig_hit","sfx/marig_hit_01.ogg",50,60,100,100,1,4,,,,,,,,,,
"Marig_fire","sfx/marig_fire_01.ogg",60,70,100,100,1,4,,,,,,,,,,
"Marig_ulti","sfx/marig_turret_02.ogg",70,70,100,100,1,4,,,,,,,,,,
"Hammer_atk","sfx/frank_swing_01.ogg",60,70,90,110,1,4,,,,,200,200,,,,
"Hammer_hit","sfx/frank_hit_01.ogg",70,80,90,110,1,4,,,,,,,,,,
"Hammer_u_atk","sfx/frank_ulti_swing_01.ogg",80,80,95,105,1,4,,,,,200,200,,,,
"Hammer_u_hit","sfx/frank_ulti_hit_01.ogg",80,90,90,110,1,4,,,,,,,,,,
"New_reward_home","sfx/craft_rarity_01.ogg",60,60,100,100,1,3,,,,,,,,,,
"Trophy_rank_up_home","sfx/trophy_rank_up_01v2.ogg",80,80,100,100,1,3,,,,,,,,,,
"Unlock_event_slot","sfx/brawlerintro_01.ogg",80,80,100,100,1,3,,,,,,,,,,
"Frank_vo","sfx/frank_vo_06.ogg",50,50,96,104,1,1,12000,,,,,,,,,
,"sfx/frank_vo_05.ogg",50,50,96,104,1,1,12000,,,,,,,,,
,"sfx/frank_vo_04.ogg",50,50,96,104,1,1,12000,,,,,,,,,
,"sfx/frank_vo_03.ogg",50,50,96,104,1,1,12000,,,,,,,,,
,"sfx/frank_vo_02.ogg",50,50,96,104,1,1,12000,,,,,,,,,
,"sfx/frank_vo_01.ogg",50,50,96,104,1,1,12000,,,,,,,,,
"Emit_coins","sfx/emit_coins_01.ogg",30,30,90,110,2,10,150,,,,,,,,,
"Emit_gems","sfx/emit_gems_01.ogg",30,30,90,110,2,10,150,,,,,,,,,
"ui_gem_gain","sfx/count_gems_01.ogg",20,20,100,100,1,10,80,,,,,,,,,
"Emit_tickets","sfx/emit_tickets_01.ogg",40,40,90,110,2,10,150,,,,,,,,,
"ui_ticket_gain","sfx/count_tickets_01.ogg",20,20,100,100,1,10,80,,,,,,,,,
"Emit_keys","sfx/emit_keys_01.ogg",40,40,90,110,2,10,150,,,,,,,,,
"ui_key_gain","sfx/count_keys_01.ogg",20,20,100,100,1,10,80,,,,,,,,,
"Emit_star_keys","sfx/emit_starkeys_01.ogg",40,40,90,110,2,10,150,,,,,,,,,
"ui_star_key_gain","sfx/count_starkeys_01.ogg",30,30,100,100,1,10,80,,,,,,,,,
"Emit_trophies","sfx/emit_trophies_01.ogg",40,40,200,200,2,10,150,,,,,,,,,
"ui_trophy_gain","sfx/count_trophies_01.ogg",20,20,100,100,1,10,80,,,,,,,,,
"Gems_gatcha","sfx/gems_gatcha_01.ogg",60,60,100,100,1,3,,,,,310,310,,,,
"Meteor_seq","sfx/meteor_01.ogg",40,40,97,103,1,3,,,,,,,,,,
,"sfx/meteor_02.ogg",40,40,97,103,1,3,,,,,,,,,,
,"sfx/meteor_03.ogg",40,40,97,103,1,3,,,,,,,,,,
"Powerup_seq","sfx/power_up_spawn_01.ogg",70,70,100,100,1,3,,,,,,,,,,
"Boss_seq","sfx/boss_spawn_seq_01.ogg",80,80,100,100,1,3,,,,,,,,,,
"Emit_drops","sfx/gatcha_summary_01.ogg",70,70,100,100,1,1,,,,,,,,,,
"Get_powerup","sfx/drink_powerup_01.ogg",70,70,100,100,1,3,,,,,,,,,,
"Join_game_room","sfx/join_game_room_01.ogg",60,60,100,100,1,3,,,,,,,,,,
"Leave_game_room","sfx/leave_game_room_01.ogg",50,50,100,100,1,3,,,,,,,,,,
"raidboss_warning","sfx/rick_ulti_01.ogg",40,50,65,68,1,1,,,,,,,,,,
,"sfx/rick_ulti_02.ogg",40,50,65,68,1,1,,,,,,,,,,
,"sfx/rick_ulti_03.ogg",40,50,65,68,1,1,,,,,,,,,,
,"sfx/rick_ulti_04.ogg",40,50,65,68,1,1,,,,,,,,,,
"raidboss_attack","sfx/roborocket01.ogg",40,50,98,102,1,20,,,,,,,,,,
"raidboss_rocket_attack","sfx/robotshoot_01.ogg",40,50,98,102,1,1,,,,,,,,,,
"Shrooms","sfx/shroomz.ogg",60,60,100,100,1,4,,,,,,,,,,
"Char_respawn","sfx/char_respawn_01.ogg",70,70,100,100,1,3,,,,,,,,,,
"Enemy_char_respawn","sfx/enemy_char_respawn_01.ogg",40,40,100,100,1,3,,,,,,,,,,
"Respawn_count_3","sfx/respawn_count_01.ogg",40,30,100,100,1,4,,,,,,,,,,
"Respawn_count_2","sfx/respawn_count_01.ogg",40,40,100,100,1,4,,,,,,,,,,
"Respawn_count_1","sfx/respawn_count_01.ogg",40,40,100,100,1,4,,,,,,,,,,
"Respawn_count_0","sfx/respawn_count_01.ogg",40,40,200,200,1,4,,,,,,,,,,
"Leon_atk","sfx/ninja_star_01.ogg",20,40,100,100,2,12,50,,,,,,,,,
"Leon_ulti","sfx/ninja_invis_01.ogg",70,70,100,100,1,3,,,,,,,,,,
"Leon_ulti_end","sfx/ninja_invis_end_01.ogg",70,70,100,100,1,3,,,,,,,,,,
"Leon_reload","sfx/leon_reload_01.ogg",30,50,95,105,2,3,,,,,,,,,,
"Dry_fire_leon","sfx/ninja_star_dry_01.ogg",40,60,95,105,2,6,100,,,,,,,,,
"Wiz_barley_fireball","sfx/bar_fire_atk_01.ogg",30,50,95,105,1,6,,,,,,,,,,
"Wiz_barley_fireball_hit","sfx/bar_fire_hit_01.ogg",30,50,90,110,2,6,,,,,,,,,,
"Gene_atk","sfx/gene_atk_02.ogg",40,50,95,105,1,5,,,,,,,,,,
"Gene_atk_dry","sfx/gene_atk_dry_01.ogg",40,50,95,105,1,1,200,,,,,,,,,
"Gene_atk_reload","sfx/gene_atk_reload_01.ogg",30,30,100,100,1,3,,,,,,,,,,
"Gene_atk_split","sfx/gene_atk_split_01.ogg",40,40,100,100,1,3,,,,,,,,,,
"Penny_turret_spawn","sfx/marig_turret_spawn_01.ogg",50,50,98,102,1,3,,,,,,,,,,
"Gene_ulti","sfx/gene_atk_ulti_01.ogg",60,60,98,102,1,3,,,,,,,,,,
"Gene_ulti_hit","sfx/gene_hit_01.ogg",70,70,98,102,1,3,,,,,,,,,,
"Gene_atk_hit","sfx/gene_atk_hit_01.ogg",50,60,98,102,1,3,,,,,,,,,,
"Gene_atk_hit_2","sfx/gene_atk_hit_02.ogg",60,70,98,102,1,3,,,,,,,,,,
"Gene_vo","sfx/gene_vo_01.ogg",45,55,98,102,1,3,,,,,,,,,,
,"sfx/gene_vo_02.ogg",45,55,98,102,1,3,,,,,,,,,,
,"sfx/gene_vo_03.ogg",45,55,98,102,1,3,,,,,,,,,,
,"sfx/gene_vo_04.ogg",45,55,98,102,1,3,,,,,,,,,,
,"sfx/gene_vo_05.ogg",45,55,98,102,1,3,,,,,,,,,,
,"sfx/gene_vo_06.ogg",45,55,98,102,1,3,,,,,,,,,,
,"sfx/gene_vo_07.ogg",45,55,98,102,1,3,,,,,,,,,,
,"sfx/gene_vo_08.ogg",45,55,98,102,1,3,,,,,,,,,,
,"sfx/gene_vo_09.ogg",45,55,98,102,1,3,,,,,,,,,,
,"sfx/gene_vo_10.ogg",45,55,98,102,1,3,,,,,,,,,,
,"sfx/gene_vo_11.ogg",45,55,98,102,1,3,,,,,,,,,,
,"sfx/gene_vo_12.ogg",45,55,98,102,1,3,,,,,,,,,,
,"sfx/gene_vo_13.ogg",45,55,98,102,1,3,,,,,,,,,,
,"sfx/gene_vo_14.ogg",45,55,98,102,1,3,,,,,,,,,,
"Springboard_charge","sfx/springboard_charge_01.ogg",60,60,98,98,1,3,,,,,,,,,,
"Springboard_jump","sfx/springboard_jump_01.ogg",75,75,100,100,1,3,,,,,,,,,,
"Carl_atk","sfx/carl_atk_01v2.ogg",50,50,100,100,1,3,,"TRUE",,,,,,,,
"Carl_reload","sfx/carl_reload_01.ogg",60,60,100,100,1,3,,,,,,,,,,
"Carl_no_ammo","sfx/carl_no_ammo.ogg",70,70,100,100,1,3,,,,,,,,,,
"Carl_ulti","sfx/carl_twirl_02.ogg",80,80,100,100,1,3,,"TRUE",,,,,,,,
"Carl_atk_return","sfx/carl_atk_return_03.ogg",40,40,100,100,1,3,,"TRUE",,,,,,,,
"Carl_atk_hit_return","sfx/carl_atk_hit_return_01.ogg",60,60,95,105,1,3,,,,,,,,,,
"Train_warning","sfx/troll_train_warn_01.ogg",50,50,100,100,1,3,,,,,,,,,,
"Nita_dog_summon","sfx/Nita_dog_summon_01.ogg",50,60,95,105,1,3,,,,,,,,,,
"Rosa_ulti","sfx/Rosa_ulti_01.ogg",70,70,100,100,1,3,,,,,,,,,,
"Rosa_punch","sfx/Rosa_punch_01.ogg",20,40,90,110,1,10,,,,,,,,,,
"Rosa_reload","sfx/Rosa_reload_01.ogg",40,40,100,100,1,3,,,,,,,,,,
"bibi_atk","sfx/bibi_swing_03.ogg",70,80,100,100,1,3,,,,,,,,,,
"Bibi_reload","sfx/bibi_reload_01.ogg",30,40,100,100,1,3,,,,,,,,,,
"Bibi_bat_hit","sfx/bibibat_impact_01.ogg",70,80,95,105,1,3,200,,,,,,,,,
"bibi_bubble_hit","sfx/bibi_bubble_hit_01.ogg",70,80,90,110,1,3,200,,,,,,,,,
"bibi_ulti","sfx/bibi_ulti_02.ogg",60,70,95,105,1,3,,,,,,,,,,
"bibi_ulti_hit","sfx/bibi_ulti_hit_01.ogg",60,70,95,105,1,3,200,,,,,,,,,
"bibi_bubble_pop","sfx/bibi_bubble_pop_01.ogg",70,80,92,108,1,3,,,,,,,,,,
"Bull_berserk","sfx/bull_berserk_01.ogg",70,70,100,100,1,3,,,,,,,,,,
"Starpower_speed","sfx/starpower_speed_01.ogg",70,70,100,100,1,3,,,,,,,,,,
"Starpower_shield","sfx/starpower_shield_01.ogg",70,70,100,100,1,3,,,,,,,,,,
"Tick_vo_1","sfx/tick_vo_01v2.ogg",55,65,95,105,1,3,15000,,,,,,,,,
,"sfx/tick_vo_02v2.ogg",55,65,95,105,1,3,15000,,,,,,,,,
,"sfx/tick_vo_03v2.ogg",55,65,95,105,1,3,15000,,,,,,,,,
,"sfx/tick_vo_04v2.ogg",55,65,95,105,1,3,15000,,,,,,,,,
,"sfx/tick_vo_05v2.ogg",55,65,95,105,1,3,15000,,,,,,,,,
,"sfx/tick_vo_06v2.ogg",55,65,95,105,1,3,15000,,,,,,,,,
"Tick_vo_hurt","sfx/tick_vo_05hurt.ogg",55,65,98,102,1,3,15000,,,,,,,,,
,"sfx/tick_vo_06hurt.ogg",55,65,98,102,1,3,15000,,,,,,,,,
,"sfx/tick_vo_07hurt.ogg",55,65,98,102,1,3,15000,,,,,,,,,
"Tick_vo_die","sfx/tick_vo_08die.ogg",55,65,98,102,1,3,15000,,,,,,,,,
"Star_power_equip","sfx/star_power_equip_01.ogg",70,70,100,100,1,3,,,,,,,,,,
"Get_star_points","sfx/get_star_points_01.ogg",60,60,100,100,1,3,,,,,,,,,,
"Get_star_points_season_end","sfx/get_star_points_01.ogg",40,40,100,100,1,6,,,,,,,,,,
"Tick_atk","sfx/tick_atk_01.ogg",40,50,98,102,1,5,,,,,,,,,,
"Tick_ulti","sfx/tick_ulti_01.ogg",60,70,100,100,1,3,,,,,,,,,,
"Tick_reload","sfx/tick_reload_01.ogg",40,50,95,105,1,3,,,,,,,,,,
"Tick_atk_split","sfx/tick_atk_split_02.ogg",55,60,98,102,1,3,,,,,,,,,,
"Mech_mike_ulti","sfx/mech_mike_ulti_01.ogg",60,70,100,100,1,3,,,,,,,,,,
"Mech_mike_atk","sfx/mech_mike_atk_01.ogg",50,60,98,102,1,4,,,,,,,,,,
"Mech_spike_atk","sfx/mech_spike_atk_01.ogg",60,65,98,102,1,4,,,,,,,,,,
"Mech_spike_ulti","sfx/mech_spike_ulti_01.ogg",70,80,100,100,1,3,,,,,,,,,,
"8bit_reload","sfx/8bit_reload_01.ogg",20,20,100,100,1,5,,,,,,,,,,
"8bit_noammo","sfx/8bit_noammo_01.ogg",30,30,100,100,1,5,,,,,,,,,,
